Breed,AKC Breed Popularity,Energy level,Grooming frequency,Group,Height,Image URL,Life Expectancy,Shedding,Temperament,Trainability,Weight
Affenpinscher,Ranks 148 of 193,Regular Exercise,2-3 Times a Week Brushing,Toy Group,9-11.5 inches,https://s3.amazonaws.com/cdn-origin-etr.akc.org/wp-content/uploads/2017/11/30174107/Affenpinscher-copy.jpg,12-15 years,Seasonal,"Confident, Famously Funny, Fearless",Easy Training,7-10 pounds
Afghan Hound,Ranks 113 of 193,Energetic,Daily Brushing,Hound Group,25-27 inches,https://s3.amazonaws.com/cdn-origin-etr.akc.org/wp-content/uploads/2017/11/19145725/Afghan-Hound1.jpg,12-18 years,Infrequent,"Independent, Sweet, Regal",May be Stubborn,50-60 pounds
Airedale Terrier,Ranks 60 of 193,Regular Exercise,2-3 Times a Week Brushing,Terrier Group,23 inches,https://s3.amazonaws.com/cdn-origin-etr.akc.org/wp-content/uploads/2017/11/13001924/Airedale-Terrier-On-White-03.jpg,11-14 years,Occasional,"Friendly, Clever, Courageous",Eager to Please,50-70 pounds
Akita,Ranks 47 of 193,Energetic,Daily Brushing,Working Group,"26-28 inches (male), 24-26 inches (female)",https://s3.amazonaws.com/cdn-origin-etr.akc.org/wp-content/uploads/2017/11/13001904/Akita-On-White-01.jpg,10-13 years,Seasonal,"Courageous, Dignified, Profoundly Loyal",Eager to Please,"100-130 pounds (male), 70-100 pounds (female)"
Alaskan Malamute,Ranks 58 of 193,Energetic,2-3 Times a Week Brushing,Working Group,"25 inches (male), 23 inches (female)",https://s3.amazonaws.com/cdn-origin-etr.akc.org/wp-content/uploads/2017/11/13001815/Alaskan-Malamute-On-White-03.jpg,10-14 years,2-3 Times a Week Brushing,"Affectionate, Loyal, Playful",Independent,"85 pounds (male), 75 pounds (female)"
American English Coonhound,Ranks 175 of 193,Energetic,Occasional Bath/Brush,Hound Group,"24-26 inches (male), 23-25 inches (female)",https://s3.amazonaws.com/cdn-origin-etr.akc.org/wp-content/uploads/2017/11/13001745/American-English-Coonhound-On-White-03.jpg,11-12 years,Occasional,"Sweet, Mellow, Sociable",Agreeable,45-65 pounds
American Eskimo Dog,Ranks 122 of 193,Energetic,Weekly Brushing,Non-Sporting Group,"9-12 inches (toy), 12-15 inches (miniature), 15-19 inches (Standard)",https://s3.amazonaws.com/cdn-origin-etr.akc.org/wp-content/uploads/2017/11/13001714/American-Eskimo-Dog-On-White-03.jpg,13-15 years,Seasonal,"Playful, Perky, Smart",Eager to Please,"6-10 pounds (toy), 10-20 pounds (miniature), 25-35 pounds (standard)"
American Foxhound,Ranks 186 of 193,Energetic,Occasional Bath/Brush,Hound Group,"22-25 inches (male), 21-24 inches (female)",https://s3.amazonaws.com/cdn-origin-etr.akc.org/wp-content/uploads/2017/11/13001630/American-Foxhound-On-White-03.jpg,11-13 years,Seasonal,"Independent, Easy-Going, Sweet-Tempered",Independent,"65-70 pounds (male), 60-65 pounds (female)"
American Staffordshire Terrier,Ranks 85 of 193,Regular Exercise,Occasional Bath/Brush,Terrier Group,"18-19 inches (male), 17-18 inches (female)",https://s3.amazonaws.com/cdn-origin-etr.akc.org/wp-content/uploads/2017/11/07172037/AmStaff.06.jpg,12-16 years,Occasional,"Confident, Smart, Good-Natured",Agreeable,"55-70 pounds (male), 40-55 pounds (female)"
American Water Spaniel,Ranks 166 of 193,Regular Exercise,2-3 Times a Week Brushing,Sporting Group,15-18 inches,https://s3.amazonaws.com/cdn-origin-etr.akc.org/wp-content/uploads/2017/11/04160609/American-Water-Spaniel.1.jpg,10-14 years,Infrequent,"Eager, Happy, Charming",Eager to Please,"30-45 pounds (male), 25-40 pounds (female)"
Anatolian Shepherd Dog,Ranks 90 of 193,Regular Exercise,Weekly Brushing,Working Group,"29 inches (male), 27 inches (female)",https://s3.amazonaws.com/cdn-origin-etr.akc.org/wp-content/uploads/2017/11/13001436/Anatolian-Shepherd-Dog-On-White-01.jpg,11-13 years,Seasonal,"Loyal, Independent, Reserved",Independent,"110-150 pounds (male), 80-120 pounds (female)"
Appenzeller Sennenhunde,,Needs Lots of Activity,Weekly Brushing,Foundation Stock Service,19-22 inches,https://s3.amazonaws.com/cdn-origin-etr.akc.org/wp-content/uploads/2017/11/07194156/AdobeStock_64186349.jpg,12-15 years,Regularly,"Agile, Versatile, Lively",May be Stubborn,48-70 pounds
Australian Cattle Dog,Ranks 55 of 193,Needs Lots of Activity,Occasional Bath/Brush,Herding Group,"18-20 inches (male), 17-19 inches (female)",https://s3.amazonaws.com/cdn-origin-etr.akc.org/wp-content/uploads/2017/11/13001403/Australian-Cattle-Dog-On-White-03.jpg,12-16 years,Regularly,"Alert, Curious, Pleasant",May be Stubborn,35-50 pounds
Australian Kelpie,,Energetic,Weekly Brushing,Foundation Stock Service,17-20 inches,https://s3.amazonaws.com/cdn-origin-etr.akc.org/wp-content/uploads/2017/11/14153647/Australian-Kelpie.jpg,10-13 years,Regularly,"Loyal, Alert, Intelligent",Eager to Please,
Australian Shepherd,Ranks 17 of 193,Energetic,Weekly Brushing,Herding Group,"20-23 inches (male), 18-21 inches (female)",https://s3.amazonaws.com/cdn-origin-etr.akc.org/wp-content/uploads/2017/11/03173132/Australian-Shepherd.1.jpg,12-15 years,Seasonal,"Smart, Work-Oriented, Exuberant",Eager to Please,"50-65 pounds (male), 40-55 pounds (female)"
Australian Terrier,Ranks 140 of 193,Energetic,Weekly Brushing,Terrier Group,10-11 inches,https://s3.amazonaws.com/cdn-origin-etr.akc.org/wp-content/uploads/2017/11/29112347/Australian-Terrier-on-White-011.jpg,11-15 years,Infrequent,"Affectionate, Courageous, Spirited",Agreeable,15-20 pounds
Azawakh,Ranks  of 193,Regular Exercise,Weekly Brushing,Hound Group,"25-29 inches (male), 23.5-27.5 inches (female)",https://s3.amazonaws.com/cdn-origin-etr.akc.org/wp-content/uploads/2017/11/03163019/Azawakh_171089447.jpg,12-15 years,Occasional,"Loyal, Independent, Deeply Affectionate",Independent,"44-55 pounds (male), 33-44 pounds (female)"
Barbet,,Regular Exercise,Weekly Brushing,Miscellaneous Class,19-24.5 inches,https://s3.amazonaws.com/cdn-origin-etr.akc.org/wp-content/uploads/2017/11/27114851/barbet.lying_.jpg,12-14 years,Infrequent,"Friendly, Bright, Sweet-Natured",Agreeable,35-65 pounds
Basenji,Ranks 87 of 193,Energetic,Occasional Bath/Brush,Hound Group,"17 inches (male), 16 inches (female)",https://s3.amazonaws.com/cdn-origin-etr.akc.org/wp-content/uploads/2017/11/13001133/Basenji-On-White-01.jpg,13-14 years,Occasional,"Independent, Smart, Poised",Independent,"24 pounds (male), 22 pounds (female)"
Beagle,Ranks 6 of 193,Energetic,2-3 Times a Week Brushing,Hound Group,"13 inches & under, 13-15 inches",https://s3.amazonaws.com/cdn-origin-etr.akc.org/wp-content/uploads/2017/11/13000937/Beagle-On-White-07.jpg,10-15 years,Seasonal,"Friendly, Curious, Merry",Agreeable,"under 20 pounds (13 inches & under), 20-30 pounds (13-15 inches)"
Bearded Collie,Ranks 127 of 193,Regular Exercise,Daily Brushing,Herding Group,"21-22 inches (male), 20-21 inches (female)",https://s3.amazonaws.com/cdn-origin-etr.akc.org/wp-content/uploads/2017/11/13000856/Bearded-Collie-On-White-01.jpg,12-14 years,Seasonal,"Smart, Bouncy, Charismatic",Independent,45-55 pounds
Bedlington Terrier,Ranks 141 of 193,Energetic,2-3 Times a Week Brushing,Terrier Group,15-17.5 inches,https://s3.amazonaws.com/cdn-origin-etr.akc.org/wp-content/uploads/2017/11/06122056/20121215-_MG_3486.jpg,11-16 years,2-3 Times a Week Brushing,"Loyal, Charming, Frollicking",Agreeable,17-23 pounds
Belgian Malinois,Ranks 43 of 193,Energetic,Weekly Brushing,Herding Group,"24-26 inches (male), 22-24 inches (female)",https://s3.amazonaws.com/cdn-origin-etr.akc.org/wp-content/uploads/2017/11/13000724/Belgian-Malinois-On-White-01.jpg,14-16 years,Seasonal,"Confident, Smart, Hardworking",Easy Training,"60-80 pounds (male), 40-60 pounds (female)"
Belgian Sheepdog,Ranks 125 of 193,Energetic,2-3 Times a Week Brushing,Herding Group,"24-26 inches (male), 22-24 inches (female)",https://s3.amazonaws.com/cdn-origin-etr.akc.org/wp-content/uploads/2017/11/13000641/Belgian-Sheepdog-On-White-01.jpg,12-14 years,Seasonal,"Bright, Watchful, Serious-Minded",Easy Training,"55-75 pounds (male), 45-60 pounds (female)"
Belgian Tervuren,Ranks 106 of 193,Energetic,2-3 Times a Week Brushing,Herding Group,"24-26 inches (male), 22-24 inches (female)",https://s3.amazonaws.com/cdn-origin-etr.akc.org/wp-content/uploads/2017/11/29201539/Belgian-Tervuren.3.jpg,12-14 years,Seasonal,"Courageous, Alert, Intelligent",Easy Training,"55-75 pounds (male), 45-60 pounds (female)"
Berger Picard,Ranks 144 of 193,Needs Lots of Activity,Occasional Bath/Brush,Herding Group,"23.5-25.5 inches (male), 21.5-23.5 inches (female)",https://s3.amazonaws.com/cdn-origin-etr.akc.org/wp-content/uploads/2017/11/07192240/New-Stacking-full-body-2.jpg,12-13 years,Seasonal,"Loyal, Good-Natured, Observant",Easy Training,50-70 pounds
Bernese Mountain Dog,Ranks 22 of 193,Energetic,2-3 Times a Week Brushing,Working Group,"25-27.5 inches (male), 23-26 inches (female)",https://s3.amazonaws.com/cdn-origin-etr.akc.org/wp-content/uploads/2017/11/13000440/Bernese-Mountain-Dog-On-White-01.jpg,7-10 years,Frequent,"Good-Natured, Calm, Strong",Easy Training,"80-115 pounds (male), 70-95 pounds (female)"
Bichon Frise,Ranks 46 of 193,Regular Exercise,Specialty/Professional,Non-Sporting Group,9.5-11.5 inches,https://s3.amazonaws.com/cdn-origin-etr.akc.org/wp-content/uploads/2017/11/13000402/Bichon-Frise-On-White-03.jpg,14-15 years,Infrequent,"Playful, Curious, Peppy",Agreeable,12-18 pounds
Black And Tan Coonhound,Ranks 138 of 193,Regular Exercise,Weekly Brushing,Hound Group,"25-27 inches (male), 23-25 inches (female)",https://s3.amazonaws.com/cdn-origin-etr.akc.org/wp-content/uploads/2017/11/29172221/Black-and-Tan-Coonhound-On-White-031.jpg,10-12 years,Seasonal,"Easy-Going, Bright, Brave",Independent,65-110 pounds
Black Russian Terrier,Ranks 118 of 193,Energetic,Daily Brushing,Working Group,"27-30 inches (male), 26-29 inches (female)",https://s3.amazonaws.com/cdn-origin-etr.akc.org/wp-content/uploads/2017/11/29203455/Black-Russian-Terrier-On-White-031.jpg,10-12 years,Seasonal,"Intelligent, Calm, Powerful",Easy Training,80-130 pounds
Bloodhound,Ranks 49 of 193,Regular Exercise,Weekly Brushing,Hound Group,"25-27 inches (male), 23-25 inches (female)",https://s3.amazonaws.com/cdn-origin-etr.akc.org/wp-content/uploads/2017/11/13000208/Bloodhound-On-White-01.jpg,10-12 years,Seasonal,"Friendly, Independent, Inquisitive",Independent,"90-110 pounds (male), 80-100 pounds (female)"
Bluetick Coonhound,Ranks 130 of 193,Energetic,Weekly Brushing,Hound Group,"22-27 inches (male), 21-25 inches (female)",https://s3.amazonaws.com/cdn-origin-etr.akc.org/wp-content/uploads/2017/11/13000127/Bluetick-Coonhound-On-White-01.jpg,11-12 years,Seasonal,"Smart, Devoted, Tenacious",Agreeable,"55-80 pounds (male), 45-65 pounds (female)"
Boerboel,Ranks 121 of 193,Calm,Occasional Bath/Brush,Working Group,"24-27 inches (male), 22-25 inches (female)",https://s3.amazonaws.com/cdn-origin-etr.akc.org/wp-content/uploads/2017/11/13000046/Boerboel-On-White-01.jpg,9-11 years,Occasional,"Confident, Intelligent, Calm",Agreeable,150-200 pounds
Bolognese,,Calm,2-3 Times a Week Brushing,Foundation Stock Service,10-12 inches,https://s3.amazonaws.com/cdn-origin-etr.akc.org/wp-content/uploads/2017/11/07171038/AdobeStock_71665389.jpg,12-14 years,Infrequent,"Playful, Easy-Going, Devoted",Agreeable,5.5-9 pounds
Border Collie,Ranks 35 of 193,Needs Lots of Activity,2-3 Times a Week Brushing,Herding Group,"19-22 inches (male), 18-21 inches (female)",https://s3.amazonaws.com/cdn-origin-etr.akc.org/wp-content/uploads/2017/11/12235957/Border-Collie-On-White-01.jpg,12-15 years,Seasonal,"Affectionate, Smart, Energetic",Eager to Please,30-55 pounds
Border Terrier,Ranks 88 of 193,Regular Exercise,Weekly Brushing,Terrier Group,12-15 inches,https://s3.amazonaws.com/cdn-origin-etr.akc.org/wp-content/uploads/2017/11/12235916/Border-Terrier-On-White-03.jpg,12-15 years,Occasional,"Affectionate, Happy, Plucky",Easy Training,"13-15.5 pounds (male), 11.5-14 pounds (female)"
Borzoi,Ranks 103 of 193,Energetic,Weekly Brushing,Hound Group,"28 inches & up (male), 26 inches & up (female)",https://s3.amazonaws.com/cdn-origin-etr.akc.org/wp-content/uploads/2017/11/01132030/Borzoi-On-White-031.jpg,9-14 years,Seasonal,"Affectionate, Loyal, Regally Dignified",Independent,"75-105 pounds (male), 60-85 pounds (female)"
Boston Terrier,Ranks 21 of 193,Regular Exercise,Weekly Brushing,Non-Sporting Group,15-17 inches,https://s3.amazonaws.com/cdn-origin-etr.akc.org/wp-content/uploads/2017/11/12235803/Boston-Terrier-On-White-03.jpg,11-13 years,Infrequent,"Friendly, Bright, Amusing",Eager to Please,12-25 pounds
Bouvier Des Flandres,Ranks 84 of 193,Energetic,Daily Brushing,Herding Group,"24.5-27.5 inches (male), 23.5-26.5 inches (female)",https://s3.amazonaws.com/cdn-origin-etr.akc.org/wp-content/uploads/2017/11/12235721/Bouvier-des-Flandres-On-White-02.jpg,10-12 years,Seasonal,"Affectionate, Courageous, Strong-Willed",Agreeable,70-110 pounds
Boxer,Ranks 11 of 193,Energetic,Weekly Brushing,Working Group,"23-25 inches (male), 21.5-23.5 inches (female)",https://s3.amazonaws.com/cdn-origin-etr.akc.org/wp-content/uploads/2017/11/17154200/Boxer.1.jpg,10-12 years,Occasional,"Bright, Fun-Loving, Active",Easy Training,"65-80 pounds (male), females are about 15 pounds less than male"
Boykin Spaniel,Ranks 100 of 193,Regular Exercise,2-3 Times a Week Brushing,Sporting Group,"15.5-18 inches (male), 14-16.5 inches (female)",https://s3.amazonaws.com/cdn-origin-etr.akc.org/wp-content/uploads/2017/11/30223645/Boykin_Spaniel_Alert.jpg,10-15 years,Seasonal,"Friendly, Eager, Lovable",Eager to Please,"30-40 pounds (male), 25-35 pounds (female)"
Bracco Italiano,,Energetic,Occasional Bath/Brush,Foundation Stock Service,21-27 inches,https://s3.amazonaws.com/cdn-origin-etr.akc.org/wp-content/uploads/2017/11/15104437/Bracco.7.jpg,10-14 years,Occasional,"Affectionate, Intelligent, Enthusiastic",Easy Training,55-90 pounds
Briard,Ranks 132 of 193,Regular Exercise,Daily Brushing,Herding Group,"23-27 inches (male), 22-25.5 inches (female)",https://s3.amazonaws.com/cdn-origin-etr.akc.org/wp-content/uploads/2017/11/12235526/Briard-On-White-01.jpg,12 years,Infrequent,"Confident, Smart, Faithful",Independent,55-100 pounds
Brittany,Ranks 26 of 193,Needs Lots of Activity,2-3 Times a Week Brushing,Sporting Group,17.5-20.5 inches,https://s3.amazonaws.com/cdn-origin-etr.akc.org/wp-content/uploads/2017/11/19033403/Brittany-1.jpg,12-14 years,Seasonal,"Bright, Fun-Loving, Upbeat",Eager to Please,30-40 pounds
Brussels Griffon,Ranks 98 of 193,Regular Exercise,2-3 Times a Week Brushing,Toy Group,7-10 inches,https://s3.amazonaws.com/cdn-origin-etr.akc.org/wp-content/uploads/2017/11/12212238/Brussels-Griffon-on-White-06.jpg,12-15 years,Seasonal,"Loyal, Alert, Curious",Agreeable,8-10 pounds
Bull Terrier,Ranks 62 of 193,Energetic,Weekly Brushing,Terrier Group,21-22 inches,https://s3.amazonaws.com/cdn-origin-etr.akc.org/wp-content/uploads/2017/11/12235344/Bull-Terrier-On-White-03.jpg,12-13 years,Seasonal,"Playful, Charming, Mischievous",Independent,50-70 pounds
Bulldog,Ranks 5 of 193,Regular Exercise,2-3 Times a Week Brushing,Non-Sporting Group,14-15 inches,https://s3.amazonaws.com/cdn-origin-etr.akc.org/wp-content/uploads/2017/11/21010129/Bulldog-Slide-02.jpg,8-10 years,Regularly,"Friendly, Courageous, Calm",Agreeable,"50 pounds (male), 40 pounds (female)"
Bullmastiff,Ranks 51 of 193,Energetic,Occasional Bath/Brush,Working Group,"25-27 inches (male), 24-26 inches (female)",https://s3.amazonaws.com/cdn-origin-etr.akc.org/wp-content/uploads/2017/11/12212353/Bullmastiff-on-White-05.jpg,7-9 years,Seasonal,"Affectionate, Loyal, Brave",Agreeable,"110-130 pounds (male), 100-120 pounds (female)"
Cairn Terrier,Ranks 69 of 193,Regular Exercise,Weekly Brushing,Terrier Group,"10 inches (male), 9.5 inches (female)",https://s3.amazonaws.com/cdn-origin-etr.akc.org/wp-content/uploads/2017/11/04193145/Cairn-Terriers-on-White-031.jpg,13-15 years,Occasional,"Alert, Cheerful, Busy",Agreeable,"14 pounds (male), 13 pounds (female)"
Canaan Dog,Ranks 179 of 193,Regular Exercise,Weekly Brushing,Herding Group,"20-24 inches (male), 19-23 inches (female)",https://s3.amazonaws.com/cdn-origin-etr.akc.org/wp-content/uploads/2017/11/12235112/Canaan-Dog-On-White-01.jpg,12-15 years,Frequent,"Confident, Alert, Vigilant",Independent,"45-55 pounds (male), 35-45 pounds (female)"
Cane Corso,Ranks 32 of 193,Energetic,Occasional Bath/Brush,Working Group,"25-27.5 inches (male), 23.5-26 inches (female)",https://s3.amazonaws.com/cdn-origin-etr.akc.org/wp-content/uploads/2017/11/18123713/Cane-Corso-AKC-121516-296.jpg,9-12 years,Occasional,"Affectionate, Intelligent, Majestic",Agreeable,Proportionate to height
Cardigan Welsh Corgi,Ranks 68 of 193,Energetic,Weekly Brushing,Herding Group,10.5-12.5 inches,https://s3.amazonaws.com/cdn-origin-etr.akc.org/wp-content/uploads/2017/11/04202304/Cardigan-Welsh-Corgi-on-White-111.jpg,12-15 years,Seasonal,"Affectionate, Loyal, Smart",Agreeable,"30-38 pounds (male), 25-34 pounds (female)"
Catahoula Leopard Dog,,Needs Lots of Activity,Needs Lots of Activity,Foundation Stock Service,22-24 inches,https://s3.amazonaws.com/cdn-origin-etr.akc.org/wp-content/uploads/2017/11/12211404/Catahoula-Leopard-Dog-on-White-02.jpg,10-14 years,Reserved with Strangers,"Loyal, Independent, Watchful",Independent,50-95 pounds
Caucasian Shepherd Dog,,Calm,2-3 Times a Week Brushing,Foundation Stock Service,23-30 inches,https://s3.amazonaws.com/cdn-origin-etr.akc.org/wp-content/uploads/2017/11/14131930/GettyImages-1095398138.jpg,10-12 years,Regularly,"Fearless, Bold, Kind",Independent,99-170 pounds
Cavalier King Charles Spaniel,Ranks 18 of 193,Calm,Weekly Brushing,Toy Group,12-13 inches,https://s3.amazonaws.com/cdn-origin-etr.akc.org/wp-content/uploads/2017/11/12234921/Cavalier-King-Charles-Spaniel-On-White-03.jpg,12-15 years,Occasional,"Affectionate, Gentle, Graceful",Eager to Please,13-18 pounds
Cesky Terrier,Ranks 185 of 193,Regular Exercise,Weekly Brushing,Terrier Group,10-13 inches,https://s3.amazonaws.com/cdn-origin-etr.akc.org/wp-content/uploads/2017/11/15141010/Cesky-Terrier-on-White-011.jpg,12-15 years,Occasional,"Clever, Adventurous, Family-Oriented",Agreeable,14-24 pounds
Chesapeake Bay Retriever,Ranks 45 of 193,Energetic,2-3 Times a Week Brushing,Sporting Group,"23-26 inches (male), 21-24 inches (female)",https://s3.amazonaws.com/cdn-origin-etr.akc.org/wp-content/uploads/2017/11/12234759/Chesapeake-Bay-Retriever-On-White-03.jpg,10-13 years,Regularly,"Affectionate, Bright, Sensitive",Agreeable,"65-80 pounds (male), 55-70 pounds (female)"
Chihuahua,Ranks 33 of 193,Regular Exercise,Occasional Bath/Brush,Toy Group,5-8 inches,https://s3.amazonaws.com/cdn-origin-etr.akc.org/wp-content/uploads/2017/11/12213613/Chihuahua-onWhite-13.jpg,14-16 years,Occasional,"Charming, Graceful, Sassy",Independent,not exceeding 6 pounds
Chinese Crested,Ranks 79 of 193,Regular Exercise,Occasional Bath/Brush,Toy Group,11-13 inches,https://s3.amazonaws.com/cdn-origin-etr.akc.org/wp-content/uploads/2017/11/12234649/Chinese-Crested-On-White-01.jpg,13-18 years,Infrequent,"Affectionate, Alert, Lively",Agreeable,8-12 pounds
Chinese Shar Pei,Ranks 64 of 193,Regular Exercise,Occasional Bath/Brush,Non-Sporting Group,18-20 inches,https://s3.amazonaws.com/cdn-origin-etr.akc.org/wp-content/uploads/2017/11/12234623/Chinese-Shar-Pei-On-White-02.jpg,8-12 years,Regularly,"Loyal, Independent, Calm",May be Stubborn,45-60 pounds
Chinook,Ranks 190 of 193,Energetic,Weekly Brushing,Working Group,"24-26 inches (male), 22-24 inches (female)",https://s3.amazonaws.com/cdn-origin-etr.akc.org/wp-content/uploads/2017/11/12234558/Chinook-On-White-03.jpg,12-15 years,Seasonal,"Smart, Patient, Devoted",Eager to Please,"55-90 pounds (male), 50-65 pounds (female)"
Chow Chow,Ranks 75 of 193,Regular Exercise,2-3 Times a Week Brushing,Non-Sporting Group,17-20 inches,https://s3.amazonaws.com/cdn-origin-etr.akc.org/wp-content/uploads/2017/11/12234523/Chow-Chow-On-White-01.jpg,8-12 years,Seasonal,"Dignified, Bright, Serious-Minded",May be Stubborn,45-70 pounds
Clumber Spaniel,Ranks 143 of 193,Regular Exercise,Weekly Brushing,Sporting Group,"18-20 inches (male), 17-19 inches (female)",https://s3.amazonaws.com/cdn-origin-etr.akc.org/wp-content/uploads/2017/11/07135844/Clumber-Spaniel-On-White-011.jpg,10-12 years,Regularly,"Mellow, Amusing, Gentlemanly",Agreeable,"70-85 pounds (male), 55-70 pounds (female)"
Cocker Spaniel,Ranks 30 of 193,Regular Exercise,Daily Brushing,Sporting Group,"14.5-15.5 inches (male), 13.5-14.5 inches (female)",https://s3.amazonaws.com/cdn-origin-etr.akc.org/wp-content/uploads/2017/11/12213216/Cocker-Spaniel-on-White-13.jpg,10-14 years,Occasional,"Gentle, Smart, Happy",Eager to Please,"25-30 pounds (male), 20-25 pounds (female)"
Collie,Ranks 38 of 193,Regular Exercise,2-3 Times a Week Brushing,Herding Group,"24-26 inches (male), 22-24 inches (female)",https://s3.amazonaws.com/cdn-origin-etr.akc.org/wp-content/uploads/2017/11/12234244/Collie-On-White-01.jpg,12-14 years,Seasonal,"Devoted, Graceful, Proud",Easy Training,"60-75 pounds (male), 50-65 pounds (female)"
Coton De Tulear,Ranks 81 of 193,Regular Exercise,Daily Brushing,Non-Sporting Group,"10-11 inches (male), 9-10 inches (female)",https://s3.amazonaws.com/cdn-origin-etr.akc.org/wp-content/uploads/2017/11/12234218/Coton-de-Tulear-On-White-03.jpg,15-19 years,Occasional,"Charming, Bright, Happy-Go-Lucky",Easy Training,"9-15 pounds (male), 8-13 pounds (female)"
Curly Coated Retriever,Ranks 162 of 193,Energetic,Occasional Bath/Brush,Sporting Group,"25-27 inches (male), 23-25 inches (female)",https://s3.amazonaws.com/cdn-origin-etr.akc.org/wp-content/uploads/2017/11/12185646/Curly-Coated-Retriever-on-White-04.jpg,10-12 years,Occasional,"Confident, Proud, Wickedly Smart",Independent,60-95 pounds
Dachshund,Ranks 12 of 193,Regular Exercise,Weekly Brushing,Hound Group,"8-9 inches (standard), 5-6 inches (miniature)",https://s3.amazonaws.com/cdn-origin-etr.akc.org/wp-content/uploads/2017/11/12234114/Dachshund-On-White-01.jpg,12-16 years,Occasional,"Friendly, Curious, Spunky",Agreeable,"16-32 pounds (standard), 11 pounds & under (miniature)"
Dalmatian,Ranks 56 of 193,Energetic,Weekly Brushing,Non-Sporting Group,19-24 inches,https://s3.amazonaws.com/cdn-origin-etr.akc.org/wp-content/uploads/2017/11/12234026/Dalmatian-On-White-01.jpg,11-13 years,Frequent,"Dignified, Smart, Outgoing",Agreeable,45-70 pounds
Dandie Dinmont Terrier,Ranks 176 of 193,Regular Exercise,Daily Brushing,Terrier Group,8-11 inches,https://s3.amazonaws.com/cdn-origin-etr.akc.org/wp-content/uploads/2017/11/12213000/Dandie-Dinmont-Terrier-slide-6.jpg,12-15 years,Infrequent,"Independent, Smart, Proud",Independent,18-24 pounds
Doberman Pinscher,Ranks 17 of 193,Needs Lots of Activity,Occasional Bath/Brush,Working Group,"26-28 inches (male), 24-26 inches (female)",https://s3.amazonaws.com/cdn-origin-etr.akc.org/wp-content/uploads/2017/11/12233854/Doberman-Pinscher-On-White-03.jpg,10-12 years,Regularly,"Loyal, Fearless, Alert",Eager to Please,"75-100 pounds (male), 60-90 pounds (female)"
Dogo Argentino,,Occasional Bath/Brush,Occasional Bath/Brush,Miscellaneous Class,"24-27 inches (male), 23.5-26 inches (female)",https://s3.amazonaws.com/cdn-origin-etr.akc.org/wp-content/uploads/2017/11/11141747/Dogo-Argentino.jpg,9-15 years,Needs Lots of Activity,"Friendly, Cheerful, Humble",Infrequent,80-100 pounds
Dogue De Bordeaux,Ranks 67 of 193,Regular Exercise,Occasional Bath/Brush,Working Group,"23.27 inches (male), 23-26 inches (female)",https://s3.amazonaws.com/cdn-origin-etr.akc.org/wp-content/uploads/2017/11/12233808/Dogue-de-Bordeaux-On-White-03.jpg,5-8 years,Regularly,"Affectionate, Loyal, Courageous",Agreeable,"110 pounds & up (male), 99 pounds & up (female)"
Dutch Shepherd,,Needs Lots of Activity,Weekly Brushing,Miscellaneous Class,21.5-24.5 inches,https://s3.amazonaws.com/cdn-origin-etr.akc.org/wp-content/uploads/2017/11/12205622/Dutch-Shepherd-on-White-01.jpg,11-14 years,Seasonal,"Intelligent, Lively, Athletic",Agreeable,42-75 pounds
English Cocker Spaniel,Ranks 52 of 193,Regular Exercise,2-3 Times a Week Brushing,Sporting Group,"16-17 inches (male), 15-16 inches (female)",https://s3.amazonaws.com/cdn-origin-etr.akc.org/wp-content/uploads/2017/11/16105011/English-Cocker-Spaniel-Slide03.jpg,12-14 years,Occasional,"Energetic, Merry, Responsive",Eager to Please,"28-34 pounds (male), 26-32 pounds (female)"
English Foxhound,Ranks 188 of 193,Energetic,Occasional Bath/Brush,Hound Group,24 inches,https://s3.amazonaws.com/cdn-origin-etr.akc.org/wp-content/uploads/2017/11/12233653/English-Foxhound-On-White-01.jpg,10-13 years,Regularly,"Affectionate, Gentle, Sociable",Agreeable,60-75 pounds
English Setter,Ranks 94 of 193,Energetic,2-3 Times a Week Brushing,Sporting Group,"25-27 inches (male), 23-25 inches (female)",https://s3.amazonaws.com/cdn-origin-etr.akc.org/wp-content/uploads/2017/11/12233610/English-Setter-On-White-03.jpg,12 years,Regularly,"Friendly, Mellow, Merry",Easy Training,"65-80 pounds (male), 45-55 pounds (female)"
English Springer Spaniel,Ranks 27 of 193,Regular Exercise,Weekly Brushing,Sporting Group,"20 inches (male), 19 inches (female)",https://s3.amazonaws.com/cdn-origin-etr.akc.org/wp-content/uploads/2017/11/08110247/English-Springer-Spaniel-On-White-011.jpg,12-14 years,Occasional,"Friendly, Playful, Obedient",Eager to Please,"50 pounds (male), 40 pounds (female)"
English Toy Spaniel,Ranks 135 of 193,Regular Exercise,2-3 Times a Week Brushing,Toy Group,9-10 inches,https://s3.amazonaws.com/cdn-origin-etr.akc.org/wp-content/uploads/2017/11/08140952/English-Toy-Spaniel-Slide-03.jpg,10-12 years,Seasonal,"Gentle, Playful, Intelligent",Independent,8-14 pounds
Entlebucher Mountain Dog,Ranks 157 of 193,Needs Lots of Activity,Occasional Bath/Brush,Herding Group,"17-21 inches (male), 16-20 inches (female)",https://s3.amazonaws.com/cdn-origin-etr.akc.org/wp-content/uploads/2017/11/12233437/Entlebucher-Mountain-Dog-On-White-01.jpg,11-13 years,Infrequent,"Loyal, Smart, Enthusiastic",Independent,"50-65 pounds (male), 40-55 pounds (female)"
Field Spaniel,Ranks 149 of 193,Regular Exercise,Weekly Brushing,Sporting Group,"18 inches (male), 17 inches (female)",https://s3.amazonaws.com/cdn-origin-etr.akc.org/wp-content/uploads/2017/11/12233354/Field-Spaniel-On-White-01.jpg,12-13 years,Regularly,"Sweet, Fun-Loving, Sensitive",Agreeable,35-50 pounds
Finnish Lapphund,Ranks 161 of 193,Regular Exercise,Weekly Brushing,Herding Group,"18-21 inches (male), 16-19 inches (female)",https://s3.amazonaws.com/cdn-origin-etr.akc.org/wp-content/uploads/2017/11/12233323/Finnish-Lapphund-On-White-01.jpg,12-15 years,Seasonal,"Friendly, Alert, Agile",Eager to Please,33-53 pounds
Finnish Spitz,Ranks 184 of 193,Needs Lots of Activity,Weekly Brushing,Non-Sporting Group,"17.5-20 inches (male), 15.5-18 inches (female)",https://s3.amazonaws.com/cdn-origin-etr.akc.org/wp-content/uploads/2017/11/12233256/Finnish-Spitz-On-White-01.jpg,13-15 years,Seasonal,"Friendly, Good-Natured, Lively",Agreeable,"25-33 pounds (male), 20-28 pounds (female)"
Flat Coated Retriever,Ranks 91 of 193,Needs Lots of Activity,Weekly Brushing,Sporting Group,"23-24.5 inches (male), 22-23.5 inches (female)",https://s3.amazonaws.com/cdn-origin-etr.akc.org/wp-content/uploads/2017/11/12233222/Flat-Coated-Retriever-On-White-03.jpg,8-10 years,Regularly,"Cheerful, Optimistic, Good-Humored",Eager to Please,60-70 pounds
French Bulldog,Ranks 4 of 193,Calm,Occasional Bath/Brush,Non-Sporting Group,11-13 inches,https://s3.amazonaws.com/cdn-origin-etr.akc.org/wp-content/uploads/2017/11/12145606/20121215-_MG_3384.jpg,10-12 years,Regularly,"Adaptable, Playful, Smart",Agreeable,under 28 pounds
German Pinscher,Ranks 134 of 193,Needs Lots of Activity,Occasional Bath/Brush,Working Group,17-20 inches,https://s3.amazonaws.com/cdn-origin-etr.akc.org/wp-content/uploads/2017/11/12233117/German-Pinscher-On-White-01.jpg,12-14 years,Occasional,"Courageous, Intelligent, Vivacious",Agreeable,25-45 pounds
German Shepherd Dog,Ranks 2 of 193,Regular Exercise,Weekly Brushing,Herding Group,"24-26 inches (male), 22-24 inches (female)",https://s3.amazonaws.com/cdn-origin-etr.akc.org/wp-content/uploads/2017/11/12213218/German-Shepherd-on-White-00.jpg,7-10 years,Regularly,"Confident, Courageous, Smart",Eager to Please,"65-90 pounds (male), 50-70 pounds (female)"
German Shorthaired Pointer,Ranks 9 of 193,Needs Lots of Activity,Weekly Brushing,Sporting Group,"23-25 inches (male), 21-23 inches (female)",https://s3.amazonaws.com/cdn-origin-etr.akc.org/wp-content/uploads/2017/11/12232941/German-Shorthaired-Pointer-On-White-07.jpg,10-12 years,Regularly,"Friendly, Smart, Willing to Please",Eager to Please,"55-70 pounds (male), 45-60 pounds (female)"
German Wirehaired Pointer,Ranks 63 of 193,Needs Lots of Activity,Weekly Brushing,Sporting Group,"24-26 inches (male), minimum 22 inches (female)",https://s3.amazonaws.com/cdn-origin-etr.akc.org/wp-content/uploads/2017/11/12232911/German-Wirehaired-Pointer-On-White-01.jpg,14-16 years,Regularly,"Affectionate, Eager, Enthusiastic",Eager to Please,50-70 pounds
Giant Schnauzer,Ranks 78 of 193,Needs Lots of Activity,Daily Brushing,Working Group,"25.5-27.5 inches (male), 23.5-25.5 inches (female)",https://s3.amazonaws.com/cdn-origin-etr.akc.org/wp-content/uploads/2017/11/12232847/Giant-Schnauzer-On-White-01.jpg,12-15 years,Daily Brushing,"Loyal, Alert, Trainable",Easy Training,"60-85 pounds (male), 55-75 pounds (female)"
Glen Of Imaal Terrier,Ranks 174 of 193,Regular Exercise,2-3 Times a Week Brushing,Terrier Group,12.5-14 inches,https://s3.amazonaws.com/cdn-origin-etr.akc.org/wp-content/uploads/2017/11/12232815/Glen-of-Imaal-Terrier-On-White-01.jpg,10-15 years,Occasional,"Gentle, Spirited, Bold",Independent,32-40 pounds
Golden Retriever,Ranks 3 of 193,Needs Lots of Activity,Weekly Brushing,Sporting Group,"23-24 inches (male), 21.5-22.5 inches (female)",https://s3.amazonaws.com/cdn-origin-etr.akc.org/wp-content/uploads/2017/11/12121353/GoldenRetriever1_stacked.jpg,10-12 years,Seasonal,"Friendly, Intelligent, Devoted",Eager to Please,"65-75 pounds (male), 55-65 pounds (female)"
Gordon Setter,Ranks 115 of 193,Needs Lots of Activity,Weekly Brushing,Sporting Group,"24-27 inches (male), 23-26 inches (female)",https://s3.amazonaws.com/cdn-origin-etr.akc.org/wp-content/uploads/2017/11/12232627/Gordon-Setter-On-White-03.jpg,12-13 years,Seasonal,"Affectionate, Confident, Bold",Independent,"55-80 pounds (male), 45-70 pounds (female)"
Great Dane,Ranks 16 of 193,Energetic,Occasional Bath/Brush,Working Group,"30-32 inches (male), 28-30 inches (female)",https://s3.amazonaws.com/cdn-origin-etr.akc.org/wp-content/uploads/2017/11/12232605/Great-Dane-On-White-01.jpg,7-10 years,Seasonal,"Friendly, Patient, Dependable",Agreeable,"140-175 pounds (male), 110-140 pounds (female)"
Great Pyrenees,Ranks 66 of 193,Needs Lots of Activity,Weekly Brushing,Working Group,"27-32 inches (male), 25-29 inches (female)",https://s3.amazonaws.com/cdn-origin-etr.akc.org/wp-content/uploads/2017/11/12200322/Great-Pyrenees-on-White-031.jpg,10-12 years,Seasonal,"Smart, Patient, Calm",Independent,"100 pounds & up (male), 85 pounds & up (female)"
Greater Swiss Mountain Dog,Ranks 74 of 193,Energetic,Weekly Brushing,Working Group,"25.5-28.5 inches (male), 23.7-27 inches (female)",https://s3.amazonaws.com/cdn-origin-etr.akc.org/wp-content/uploads/2017/11/12232456/Greater-Swiss-Mountain-Dog-On-White-01.jpg,8-11 years,Seasonal,"Faithful, Family-Oriented, Dependable",Agreeable,"115-140 pounds (male), 85-110 pounds (female)"
Greyhound,Ranks 145 of 193,Energetic,Occasional Bath/Brush,Hound Group,"28-30 inches (male), 27-28 inches (female)",https://s3.amazonaws.com/cdn-origin-etr.akc.org/wp-content/uploads/2017/11/17171017/Greyhounds.jpg,10-13 years,Occasional,"Gentle, Independent, Noble",Independent,"65-70 pounds (male), 60-65 pounds (female)"
Harrier,Ranks 189 of 193,Needs Lots of Activity,Weekly Brushing,Hound Group,19-21 inches,https://s3.amazonaws.com/cdn-origin-etr.akc.org/wp-content/uploads/2017/11/22174432/Harrier3.jpg,12-15 years,Occasional,"Friendly, Outgoing, People-Oriented",Easy Training,45-60 pounds
Havanese,Ranks 24 of 193,Regular Exercise,2-3 Times a Week Brushing,Toy Group,8.5-11.5 inches,https://s3.amazonaws.com/cdn-origin-etr.akc.org/wp-content/uploads/2017/11/12232252/Havanese-On-White-01.jpg,14-16 years,Occasional,"Intelligent, Outgoing, Funny",Easy Training,7-13 pounds
Ibizan Hound,Ranks 152 of 193,Needs Lots of Activity,Occasional Bath/Brush,Hound Group,"23.5-27.5 inches (male), 22.5-26 inches (female)",https://s3.amazonaws.com/cdn-origin-etr.akc.org/wp-content/uploads/2017/11/12232219/Ibizan-Hound-On-White-01.jpg,11-14 years,Occasional,"Family-Oriented, Even-Tempered, Polite",Independent,"50 pounds (male), 45 pounds (female)"
Icelandic Sheepdog,Ranks 155 of 193,Energetic,Weekly Brushing,Herding Group,"18 inches (male), 16.5 inches (female)",https://s3.amazonaws.com/cdn-origin-etr.akc.org/wp-content/uploads/2017/11/14115958/Icelandic-Face.jpg,12-14 years,Seasonal,"Friendly, Playful, Inquisitive",Eager to Please,"30 pounds (male), 25 pounds (female)"
Irish Red And White Setter,Ranks 146 of 193,Needs Lots of Activity,Weekly Brushing,Sporting Group,"24.5-26 inches (male), 22.5-24 inches (female)",https://s3.amazonaws.com/cdn-origin-etr.akc.org/wp-content/uploads/2017/11/12213903/Irish-Red-And-White-Setter-On-White-02.jpg,11-15 years,Weekly Brushing,"Courageous, Spirited, Determined",Easy Training,"42-60 pounds (male), 35-50 pounds (female)"
Irish Setter,Ranks 77 of 193,Needs Lots of Activity,2-3 Times a Week Brushing,Sporting Group,"27 inches (male), 25 inches (female)",https://s3.amazonaws.com/cdn-origin-etr.akc.org/wp-content/uploads/2017/11/12232053/Irish-Setter-On-White-01.jpg,12-15 years,2-3 Times a Week Brushing,"Active, Outgoing, Sweet-Natured",Agreeable,"70 pounds (male), 60 pounds (female)"
Irish Terrier,Ranks 116 of 193,Regular Exercise,Occasional Bath/Brush,Terrier Group,18 inches,https://s3.amazonaws.com/cdn-origin-etr.akc.org/wp-content/uploads/2017/11/12213034/Irish-Terrier-on-white-01.jpg,13-15 years,Occasional Bath/Brush,"Bold, Dashing, Tenderhearted",Agreeable,"27 pounds (male), 25 pounds (female)"
Irish Water Spaniel,Ranks 159 of 193,Needs Lots of Activity,Weekly Brushing,Sporting Group,"22-24 inches (male), 21-23 inches (female)",https://s3.amazonaws.com/cdn-origin-etr.akc.org/wp-content/uploads/2017/11/12231921/Irish-Water-Spaniel-On-White-01.jpg,12-13 years,Weekly Brushing,"Playful, Hardworking, Brave",Easy Training,"55-68 pounds (male), 45-58 pounds (female)"
Irish Wolfhound,Ranks 76 of 193,Regular Exercise,Weekly Brushing,Hound Group,"32 inches minimum (male), 30 inches minimum (female)",https://s3.amazonaws.com/cdn-origin-etr.akc.org/wp-content/uploads/2017/11/12211902/Irish-Wolfhound-on-White-12.jpg,6-8 years,Seasonal,"Courageous, Dignified, Calm",Independent,"120 pounds (male), 105 pounds (female)"
Italian Greyhound,Ranks 73 of 193,Regular Exercise,Occasional Bath/Brush,Toy Group,13-15 inches,https://s3.amazonaws.com/cdn-origin-etr.akc.org/wp-content/uploads/2017/11/12213025/Italian-Greyhound-on-white-01.jpg,14-15 years,Seasonal,"Playful, Alert, Sensitive",Independent,7-14 pounds
Japanese Chin,Ranks 104 of 193,Regular Exercise,Weekly Brushing,Toy Group,8-11 inches,https://s3.amazonaws.com/cdn-origin-etr.akc.org/wp-content/uploads/2017/11/12210836/Japanese-Chin-on-White-01.jpg.jpg,10-12 years,Seasonal,"Charming, Noble, Loving",Independent,7-11 pounds
Karelian Bear Dog,,Occasional Bath/Brush,Occasional Bath/Brush,Foundation Stock Service,19-23.5 inches,https://s3.amazonaws.com/cdn-origin-etr.akc.org/wp-content/uploads/2017/11/12190032/Karelian-Bear-Dog-on-White-01.jpg,11-13 years,Calm,"Loyal, Independent, Courageous",Seasonal,44-49 pounds
Keeshond,Ranks 95 of 193,Regular Exercise,2-3 Times a Week Brushing,Non-Sporting Group,"18 inches (male), 17 inches (female)",https://s3.amazonaws.com/cdn-origin-etr.akc.org/wp-content/uploads/2017/11/12231652/Keeshond-On-White-01.jpg,12-15 years,Seasonal,"Friendly, Lively, Outgoing",Easy Training,35-45 pounds
Kerry Blue Terrier,Ranks 129 of 193,Regular Exercise,2-3 Times a Week Brushing,Terrier Group,"18-19.5 inches (male), 17.5-19 inches (female)",https://s3.amazonaws.com/cdn-origin-etr.akc.org/wp-content/uploads/2017/11/12211714/Kerry-Blue-on-White-00.jpg,12-15 years,2-3 Times a Week Brushing,"Smart, Alert, People-Oriented",May be Stubborn,"33-40 pounds (male), females weigh slightly less than males"
Komondor,Ranks 173 of 193,Regular Exercise,Specialty/Professional,Working Group,"27.5 minimum inches (male), 25.5 minimum inches (female)",https://s3.amazonaws.com/cdn-origin-etr.akc.org/wp-content/uploads/2017/11/12231525/Komondor-On-White-01.jpg,10-12 years,Specialty/Professional,"Loyal, Dignified, Brave",Independent,"100 pounds or more (male), 80 pounds or more (female)"
Kooikerhondje,Ranks 150 of 193,Regular Exercise,Weekly Brushing,Sporting Group,"Dogs 16"", Females 15""",https://s3.amazonaws.com/cdn-origin-etr.akc.org/wp-content/uploads/2017/11/27080721/Kooiker-Profile2-800x600.jpg,12-15 years,Seasonal,"Friendly, Alert, Quick",Eager to Please,20 - 30 lbs
Kuvasz,Ranks 163 of 193,Regular Exercise,Weekly Brushing,Working Group,"28-30 inches (male), 26-28 inches (female)",https://s3.amazonaws.com/cdn-origin-etr.akc.org/wp-content/uploads/2017/11/12231449/Kuvasz-On-White-01.jpg,10-12 years,Weekly Brushing,"Loyal, Fearless, Sweet",Independent,"100-115 pounds (male), 70-90 pounds (female)"
Labrador Retriever,Ranks 1 of 193,Needs Lots of Activity,Weekly Brushing,Sporting Group,"22.5-24.5 inches (male), 21.5-23.5 inches (female)",https://s3.amazonaws.com/cdn-origin-etr.akc.org/wp-content/uploads/2017/11/12231410/Labrador-Retriever-On-White-01.jpg,10-12 years,Weekly Brushing,"Friendly, Active, Outgoing",Eager to Please,"65-80 pounds (male), 55-70 pounds (female)"
Lakeland Terrier,Ranks 147 of 193,Regular Exercise,Weekly Brushing,Terrier Group,"14-15 inches (male), slightly smaller (female)",https://s3.amazonaws.com/cdn-origin-etr.akc.org/wp-content/uploads/2017/11/12231224/Lakeland-Terrier-On-White-02.jpg,12-15 years,Weekly Brushing,"Friendly, Confident, Bold",Agreeable,"17 pounds (male), slightly smaller (female)"
Lancashire Heeler,,Energetic,Occasional Bath/Brush,Miscellaneous Class,10-12 inches,https://s3.amazonaws.com/cdn-origin-etr.akc.org/wp-content/uploads/2017/11/12231213/Lancashire-Heeler-On-White-01.jpg,12-15 years,Occasional Bath/Brush,"Affectionate, Versatile, Intelligent",Easy Training,9-17 pounds
Leonberger,Ranks 93 of 193,Regular Exercise,Daily Brushing,Working Group,"28-31.5 inches (male), 25.5-29.5 inches (female)",https://s3.amazonaws.com/cdn-origin-etr.akc.org/wp-content/uploads/2017/11/12194744/Leonberger-on-White-05.jpg,7 years,Daily Brushing,"Friendly, Gentle, Playful",Eager to Please,"110-170 pounds (male), 90-140 pounds (female)"
Lhasa Apso,Ranks 71 of 193,Regular Exercise,2-3 Times a Week Brushing,Non-Sporting Group,"10-11 inches (male), slightly smaller (female)",https://s3.amazonaws.com/cdn-origin-etr.akc.org/wp-content/uploads/2017/11/12231104/Lhasa-Apso-On-White-01.jpg,12-15 years,Infrequent,"Confident, Smart, Comical",Independent,12-18 pounds
Lowchen,Ranks 168 of 193,Regular Exercise,Weekly Brushing,Non-Sporting Group,12-14 inches,https://s3.amazonaws.com/cdn-origin-etr.akc.org/wp-content/uploads/2017/11/12213956/Lowchen-On-White-01.jpg,13-15 years,Occasional,"Affectionate, Outgoing, Positive",Agreeable,15 pounds
Maltese,Ranks 37 of 193,Regular Exercise,Daily Brushing,Toy Group,7-9 inches,https://s3.amazonaws.com/cdn-origin-etr.akc.org/wp-content/uploads/2017/11/12231006/Maltese-On-White-04.jpg,12-15 years,Infrequent,"Gentle, Playful, Charming",Agreeable,under 7 pounds
Manchester Terrier,Ranks 133 of 193,Regular Exercise,Weekly Brushing,Terrier Group,15-16 inches,https://s3.amazonaws.com/cdn-origin-etr.akc.org/wp-content/uploads/2017/11/26203655/Manchester-Terrier-Standard-Slide-10.jpg,15-17 years,Occasional,"Spirited, Bright, Keenly Observant",Easy Training,12-22 pounds
Mastiff,Ranks 29 of 193,Regular Exercise,Occasional Bath/Brush,Working Group,"30 inches & up (male), 27.5 inches & up (female)",https://s3.amazonaws.com/cdn-origin-etr.akc.org/wp-content/uploads/2017/11/12230849/Mastiff-On-White-03.jpg,6-10 years,Occasional Bath/Brush,"Courageous, Dignified, Good-Natured",Agreeable,"160-230 pounds (male), 120-170 pounds (female)"
Miniature Pinscher,Ranks 70 of 193,Regular Exercise,Occasional Bath/Brush,Toy Group,10-12.5 inches,https://s3.amazonaws.com/cdn-origin-etr.akc.org/wp-content/uploads/2017/11/12230736/Miniature-Pinscher-On-White-03.jpg,12-16 years,Occasional Bath/Brush,"Fearless, Fun-Loving, Proud",Independent,8-10 pounds
Miniature Schnauzer,Ranks 19 of 193,Regular Exercise,Specialty/Professional,Terrier Group,12-14 inches,https://s3.amazonaws.com/cdn-origin-etr.akc.org/wp-content/uploads/2017/11/12230713/Miniature-Schnauzer-On-White-01.jpg,12-15 years,Specialty/Professional,"Friendly, Smart, Obedient",Eager to Please,11-20 pounds
Mudi,,Needs Lots of Activity,Occasional Bath/Brush,Miscellaneous Class,15-18.5 inches,https://s3.amazonaws.com/cdn-origin-etr.akc.org/wp-content/uploads/2017/11/12230639/Mudi-On-White-01.jpg,12-14 years,Occasional,"Loyal, Intelligent, Active",Eager to Please,18-29 pounds
Neapolitan Mastiff,Ranks 102 of 193,Regular Exercise,Weekly Brushing,Working Group,"26-31 inches (male), 24-29 inches (female)",https://s3.amazonaws.com/cdn-origin-etr.akc.org/wp-content/uploads/2017/11/12213114/Neopolitan-Mastiff-slide10-.jpg,7-9 years,Weekly Brushing,"Loyal, Dignified, Watchful",May be Stubborn,"150 pounds (male), 110 pounds (female)"
Newfoundland,Ranks 40 of 193,Regular Exercise,Weekly Brushing,Working Group,"28 inches (average male), 26 inches (average female)",https://s3.amazonaws.com/cdn-origin-etr.akc.org/wp-content/uploads/2017/11/16191840/Newfoundland-onWhite-012-1.jpg,9-10 years,Weekly Brushing,"Sweet, Patient, Devoted",Easy Training,"130-150 pounds (male), 100-120 pounds (female)"
Norfolk Terrier,Ranks 126 of 193,Regular Exercise,Weekly Brushing,Terrier Group,9-10 inches,https://s3.amazonaws.com/cdn-origin-etr.akc.org/wp-content/uploads/2017/11/12230448/Norfolk-Terrier-On-White-01.jpg,12-16 years,Weekly Brushing,"Fearless, Alert, Fun-Loving",Agreeable,11-12 pounds
Norwegian Buhund,Ranks 165 of 193,Energetic,Weekly Brushing,Herding Group,"17-18.5 inches (male), 16-17.5 inches (female)",https://s3.amazonaws.com/cdn-origin-etr.akc.org/wp-content/uploads/2017/11/12230414/Norwegian-Buhund-On-White-01.jpg,12-15 years,Seasonal,"Confident, Smart, Perceptive",Easy Training,"31-40 pounds (male), 26-35 pounds (female)"
Norwegian Elkhound,Ranks 97 of 193,Regular Exercise,Weekly Brushing,Hound Group,"20.5 inches (male), 19.5 inches (female)",https://s3.amazonaws.com/cdn-origin-etr.akc.org/wp-content/uploads/2017/11/12230345/Norwegian-Elkhound-On-White-02.jpg,12-15 years,Occasional,"Friendly, Confident, Dependable",Agreeable,"55 pounds (male), 48 pounds (female)"
Norwegian Lundehund,Ranks 191 of 193,Regular Exercise,Weekly Brushing,Non-Sporting Group,"13-15 inches (male), 12-14 inches (female)",https://s3.amazonaws.com/cdn-origin-etr.akc.org/wp-content/uploads/2017/11/12230304/Norwegian-Lundehund-On-White-03.jpg,12-15 years,Seasonal,"Loyal, Energetic, Alert",Agreeable,20-30 pounds
Norwich Terrier,Ranks 108 of 193,Regular Exercise,Weekly Brushing,Terrier Group,10 inches,https://s3.amazonaws.com/cdn-origin-etr.akc.org/wp-content/uploads/2017/11/12230240/Norwich-Terrier-On-White-03.jpg,12-15 years,Weekly Brushing,"Affectionate, Loyal, Alert, Curious, Gregarious",Agreeable,12 pounds
Nova Scotia Duck Tolling Retriever,Ranks 83 of 193,Needs Lots of Activity,Weekly Brushing,Sporting Group,"18-21 inches (male), 17-20 inches (female)",https://s3.amazonaws.com/cdn-origin-etr.akc.org/wp-content/uploads/2017/11/12212948/Nova-Scotia-Duck-Tolling-Retriever-slide.jpg,12-14 years,Weekly Brushing,"Affectionate, Intelligent, Outgoing",Easy Training,35-50 pounds
Old English Sheepdog,Ranks 72 of 193,Regular Exercise,2-3 Times a Week Brushing,Herding Group,"22 inches & up (male), 21 inches & up (female)",https://s3.amazonaws.com/cdn-origin-etr.akc.org/wp-content/uploads/2017/11/12230147/Old-English-Sheepdog-On-White-03.jpg,10-12 years,Seasonal,"Adaptable, Gentle, Smart",Independent,60-100 pounds
Otterhound,Ranks 182 of 193,Regular Exercise,Weekly Brushing,Hound Group,"27 inches (male), 24 inches (female)",https://s3.amazonaws.com/cdn-origin-etr.akc.org/wp-content/uploads/2017/11/12230108/Otterhound-On-White-03.jpg,10-13 years,Occasional,"Even-Tempered, Amiable, Boisterous",May be Stubborn,"115 pounds (male), 80 pounds (female)"
Papillon,Ranks 54 of 193,Regular Exercise,Weekly Brushing,Toy Group,8-11 inches,https://s3.amazonaws.com/cdn-origin-etr.akc.org/wp-content/uploads/2017/11/12230042/Papillon-On-White-01.jpg,14-16 years,Seasonal,"Friendly, Alert, Happy",Eager to Please,5-10 pounds
Pekingese,Ranks 92 of 193,Calm,2-3 Times a Week Brushing,Toy Group,6-9 inches,https://s3.amazonaws.com/cdn-origin-etr.akc.org/wp-content/uploads/2017/11/12212930/Pekingese-slide-01.jpg,12-14 years,Seasonal,"Affectionate, Loyal, Regal in Manner",May be Stubborn,up to 14 pounds
Pembroke Welsh Corgi,Ranks 13 of 193,Energetic,Weekly Brushing,Herding Group,10-12 inches,https://s3.amazonaws.com/cdn-origin-etr.akc.org/wp-content/uploads/2017/11/25201637/day_2_dec_14_085.jpg,12-13 years,Regularly,"Affectionate, Smart, Alert",Agreeable,"up to 30 pounds (male), up to 28 pounds (female)"
Petit Basset Griffon Vendeen,Ranks 156 of 193,Energetic,Weekly Brushing,Hound Group,13-15 inches,https://s3.amazonaws.com/cdn-origin-etr.akc.org/wp-content/uploads/2017/11/12212335/Petit-Basset-Griffon-Vendeen-On-White-03.jpg,14-16 years,Occasional,"Alert, Happy, Vivacious",Independent,25-40 pounds
Pharaoh Hound,Ranks 172 of 193,Energetic,Weekly Brushing,Hound Group,"23-25 inches (male), 21-24 inches (female)",https://s3.amazonaws.com/cdn-origin-etr.akc.org/wp-content/uploads/2017/11/12214239/Pharaoh-Hound-On-White-03.jpg,12-14 years,Seasonal,"Friendly, Smart, Noble",Independent,45-55 pounds
Plott,Ranks 171 of 193,Energetic,Occasional Bath/Brush,Hound Group,"20-25 inches (male), 20-23 inches (female)",https://s3.amazonaws.com/cdn-origin-etr.akc.org/wp-content/uploads/2017/11/12225755/Plott-On-White-03.jpg,12-14 years,Occasional,"Loyal, Alert, Intelligent",Independent,"50-60 pounds (male), 40-55 pounds (female)"
Pointer,Ranks 114 of 193,Energetic,Weekly Brushing,Sporting Group,"25-28 inches (male), 23-26 inches (female)",https://s3.amazonaws.com/cdn-origin-etr.akc.org/wp-content/uploads/2017/11/12212246/Pointer-slide1.jpg,12-17 years,Occasional,"Loyal, Hardworking, Even-Tempered",Agreeable,"55-75 pounds (male), 45-65 pounds (female)"
Polish Lowland Sheepdog,Ranks 170 of 193,Calm,Daily Brushing,Herding Group,"18-20 inches (male), 17-19 inches (female)",https://s3.amazonaws.com/cdn-origin-etr.akc.org/wp-content/uploads/2017/11/12225700/Polish-Lowland-Sheepdog-On-White-01.jpg,12-14 years,Seasonal,"Confident, Clever, Lively",May be Stubborn,30-50 pounds
Pomeranian,Ranks 23 of 193,Regular Exercise,2-3 Times a Week Brushing,Toy Group,6-7 inches,https://s3.amazonaws.com/cdn-origin-etr.akc.org/wp-content/uploads/2017/11/12225627/Pomeranian-On-White-01.jpg,12-16 years,Seasonal,"Inquisitive, Bold, Lively",Agreeable,3-7 pounds
Poodle,Ranks 7 of 193,Regular Exercise,Specialty/Professional,Non-Sporting Group,"10-15 inches (miniature), over 15 inches (standard)",https://s3.amazonaws.com/cdn-origin-etr.akc.org/wp-content/uploads/2017/11/12225538/Poodle-On-White-03.jpg,10-18 years,Infrequent,"Active, Proud, Very Smart",Eager to Please,"10-15 pounds (miniature), 60-70 pounds (male standard), 40-50 pounds (female standard)"
Portuguese Water Dog,Ranks 50 of 193,Energetic,Daily Brushing,Working Group,"20-23 inches (male), 17-21 inches (female)",https://s3.amazonaws.com/cdn-origin-etr.akc.org/wp-content/uploads/2017/11/12225434/Portuguese-Water-Dog-On-White-03.jpg,11-13 years,Seasonal,"Affectionate, Adventurous, Athletic",Easy Training,"42-60 pounds (male), 35-50 pounds (female)"
Pug,Ranks 28 of 193,Regular Exercise,Weekly Brushing,Toy Group,10-13 inches,https://s3.amazonaws.com/cdn-origin-etr.akc.org/wp-content/uploads/2017/11/12225358/Pug-On-White-01.jpg,13-15 years,Regularly,"Charming, Mischievous, Loving",Agreeable,14-18 pounds
Puli,Ranks 160 of 193,Regular Exercise,Specialty/Professional,Herding Group,"17 inches (male), 16 inches (female)",https://s3.amazonaws.com/cdn-origin-etr.akc.org/wp-content/uploads/2017/11/12225328/Puli-On-White-01.jpg,10-15 years,Infrequent,"Loyal, Smart, Home-Loving",Independent,25-35 pounds
Pyrenean Shepherd,Ranks 181 of 193,Regular Exercise,Weekly Brushing,Herding Group,"15.5-18.5 inches (male rough-faced), 15-18 inches (female rough-faced), 15.5-21 inches (male smooth-faced), 15.5-20.5 inches (female smooth-faced)",https://s3.amazonaws.com/cdn-origin-etr.akc.org/wp-content/uploads/2017/11/12225211/Pyrenean-Shepherd-On-White-04.jpg,Late teens,Seasonal,"Affectionate, Active, Enthusiastic",Agreeable,15-30 pounds
Rat Terrier,Ranks 86 of 193,Regular Exercise,Weekly Brushing,Terrier Group,"10-13 inches (miniature), 13-18 inches (standard)",https://s3.amazonaws.com/cdn-origin-etr.akc.org/wp-content/uploads/2017/11/12225148/Rat-Terrier-On-White-01.jpg,12-18 years,Seasonal,"Friendly, Inquisitive, Lovable",Easy Training,10-25 pounds
Redbone Coonhound,Ranks 142 of 193,Regular Exercise,Weekly Brushing,Hound Group,"22-27 inches (male), 21-26 inches (female)",https://s3.amazonaws.com/cdn-origin-etr.akc.org/wp-content/uploads/2017/11/12225122/Redbone-Coonhound-On-White-01.jpg,12-15 years,Seasonal,"Even-Tempered, Amiable, Eager to Please",Easy Training,45-70 pounds
Rhodesian Ridgeback,Ranks 41 of 193,Regular Exercise,Weekly Brushing,Hound Group,"25-27 inches (male), 24-26 inches (female)",https://s3.amazonaws.com/cdn-origin-etr.akc.org/wp-content/uploads/2017/11/12225049/Rhodesian-Ridgeback-On-White-01.jpg,,Seasonal,"Affectionate, Dignified, Even-Tempered",Agreeable,"85 pounds (male), 70 pounds (female)"
Rottweiler,Ranks 8 of 193,Regular Exercise,Occasional Bath/Brush,Working Group,"24-27 inches (male), 22-25 inches (female)",https://s3.amazonaws.com/cdn-origin-etr.akc.org/wp-content/uploads/2017/11/12224942/Rottweiler-On-White-10.jpg,9-10 years,Occasional,"Loyal, Loving, Confident Guardian",Agreeable,"95-135 pounds (male), 80-100 pounds (female)"
Saluki,Ranks 120 of 193,Energetic,Occasional Bath/Brush,Hound Group,"23-28 inches (male), considerably smaller (female)",https://s3.amazonaws.com/cdn-origin-etr.akc.org/wp-content/uploads/2017/11/14185322/AKC-121716-139.jpg,10-17 years,Occasional,"Gentle, Dignified, Independent-Minded",Independent,40-65 pounds
Samoyed,Ranks 59 of 193,Energetic,2-3 Times a Week Brushing,Working Group,"21-23.5 inches (male), 19-21 inches (female)",https://s3.amazonaws.com/cdn-origin-etr.akc.org/wp-content/uploads/2017/11/12212924/Samoyed-slide-5.jpg,12-14 years,Seasonal,"Adaptable, Friendly, Gentle",Independent,"45-65 pounds (male), 35-50 pounds (female)"
Schipperke,Ranks 105 of 193,Regular Exercise,Weekly Brushing,Non-Sporting Group,"11-13 inches (male), 10-12 inches (female)",https://s3.amazonaws.com/cdn-origin-etr.akc.org/wp-content/uploads/2017/11/12224700/Schipperke-On-White-01.jpg,12-14 years,Seasonal,"Confident, Alert, Curious",Independent,10-16 pounds
Scottish Deerhound,Ranks 158 of 193,Regular Exercise,Occasional Bath/Brush,Hound Group,"30-32 inches (male), 28 inches & up (female)",https://s3.amazonaws.com/cdn-origin-etr.akc.org/wp-content/uploads/2017/11/12224620/Scottish-Deerhound-On-White-03.jpg,8-11 years,Seasonal,"Gentle, Dignified, Polite",Independent,"85-110 pounds (male), 75-95 pounds (female)"
Scottish Terrier,Ranks 57 of 193,Regular Exercise,2-3 Times a Week Brushing,Terrier Group,10 inches,https://s3.amazonaws.com/cdn-origin-etr.akc.org/wp-content/uploads/2017/11/12224538/Scottish-Terrier-On-White-02.jpg,12 years,Occasional,"Confident, Independent, Spirited",Independent,"19-22 pounds (male), 18-21 pounds (female)"
Sealyham Terrier,Ranks 164 of 193,Regular Exercise,2-3 Times a Week Brushing,Terrier Group,10.5 inches,https://s3.amazonaws.com/cdn-origin-etr.akc.org/wp-content/uploads/2017/11/12224458/Sealyham-Terrier-On-White-03.jpg,12-14 years,Seasonal,"Alert, Outgoing, Sense Of Humor",Independent,"23-24 pounds (male), slightly less (females)"
Shetland Sheepdog,Ranks 25 of 193,Regular Exercise,2-3 Times a Week Brushing,Herding Group,13-16 inches,https://s3.amazonaws.com/cdn-origin-etr.akc.org/wp-content/uploads/2017/11/12224438/Shetland-Sheepdog-On-White-01.jpg,12-14 years,Seasonal,"Playful, Energetic, Bright",Eager to Please,15-25 pounds
Shiba Inu,Ranks 44 of 193,Regular Exercise,Weekly Brushing,Non-Sporting Group,"14.5-16.5 inches (male), 13.5-15.5 inches (female)",https://s3.amazonaws.com/cdn-origin-etr.akc.org/wp-content/uploads/2017/11/12224412/Shiba-Inu-On-White-01.jpg,13-16 years,Seasonal,"Alert, Active, Attentive",Independent,"23 pounds (male), 17 pounds (female)"
Shih Tzu,Ranks 20 of 193,Regular Exercise,Daily Brushing,Toy Group,9-10.5 inches,https://s3.amazonaws.com/cdn-origin-etr.akc.org/wp-content/uploads/2017/11/12224329/Shih-Tzu-On-White-01.jpg,10-18 years,Infrequent,"Affectionate, Playful, Outgoing",Agreeable,9-16 pounds
Siberian Husky,Ranks 14 of 193,Energetic,Weekly Brushing,Working Group,"21-23.5 inches (male), 20-22 inches (female)",https://s3.amazonaws.com/cdn-origin-etr.akc.org/wp-content/uploads/2017/11/12224230/Siberian-Husky-On-White-01.jpg,12-14 years,Seasonal,"Loyal, Outgoing, Mischevious",Independent,"45-60 pounds (male), 35-50 pounds (female)"
Silky Terrier,Ranks 112 of 193,Regular Exercise,2-3 Times a Week Brushing,Toy Group,9-10 inches,https://s3.amazonaws.com/cdn-origin-etr.akc.org/wp-content/uploads/2017/11/12224133/Silky-Terrier-On-White-01.jpg,13-15 years,Occasional,"Friendly, Quick, Keenly Alert",Agreeable,around 10 pounds
Skye Terrier,Ranks 178 of 193,Regular Exercise,Daily Brushing,Terrier Group,"10 inches (male), 9.5 inches (female)",https://s3.amazonaws.com/cdn-origin-etr.akc.org/wp-content/uploads/2017/11/12224056/Skye-Terrier-On-White-01.jpg,12-14 years,Seasonal,"Courageous, Good-Tempered, Canny",Independent,"35-45 pounds (male), slightly lighter (female)"
Small Munsterlander Pointer,,Needs Lots of Activity,Occasional Bath/Brush,Foundation Stock Service,20.5-21 inches,https://s3.amazonaws.com/cdn-origin-etr.akc.org/wp-content/uploads/2017/11/19190032/Munsterlander.5.jpg,12 to 14 years,Seasonal,"Intelligent, Devoted, Self-Confident",Agreeable,40-60 pounds
Soft Coated Wheaten Terrier,Ranks 53 of 193,Energetic,2-3 Times a Week Brushing,Terrier Group,"18-19 inches (male), 17-18 inches (female)",https://s3.amazonaws.com/cdn-origin-etr.akc.org/wp-content/uploads/2017/11/12223937/Soft-Coated-Wheaten-Terrier-On-White-01.jpg,12-14 years,Infrequent,"Friendly, Happy, Deeply Devoted",Independent,"35-40 pounds (male), 30-35 pounds (female)"
Stabyhoun,,Energetic,Occasional Bath/Brush,Foundation Stock Service,19-21 inches,https://s3.amazonaws.com/cdn-origin-etr.akc.org/wp-content/uploads/2017/11/31125942/AdobeStock_62619970.jpg,13-15 years,Seasonal,"Intelligent, Responsive, Loving",Easy Training,40-60 pounds
Staffordshire Bull Terrier,Ranks 80 of 193,Energetic,Weekly Brushing,Terrier Group,14-16 inches,https://s3.amazonaws.com/cdn-origin-etr.akc.org/wp-content/uploads/2017/11/12223754/Staffordshire-Bull-Terrier-On-White-03.jpg,12-14 years,Occasional,"Clever, Brave, Tenacious",May be Stubborn,"28-38 pounds (male), 24-34 pounds (female)"
Standard Schnauzer,Ranks 89 of 193,Regular Exercise,2-3 Times a Week Brushing,Working Group,"18.5-19.5 inches (male), 17.5-18.5 inches (female)",https://s3.amazonaws.com/cdn-origin-etr.akc.org/wp-content/uploads/2017/11/12223711/Standard-Schnauzer-On-White-03.jpg,13-16 years,Infrequent,"Fearless, Smart, Spirited",Independent,"35-50 pounds (male), 30-45 pounds (female)"
Sussex Spaniel,Ranks 180 of 193,Regular Exercise,2-3 Times a Week Brushing,Sporting Group,13-15 inches,https://s3.amazonaws.com/cdn-origin-etr.akc.org/wp-content/uploads/2017/11/12223645/Sussex-Spaniel-On-White-01.jpg,13-15 years,Seasonal,"Friendly, Merry, Even-Tempered",Independent,35-45 pounds
Swedish Vallhund,Ranks 169 of 193,Needs Lots of Activity,Occasional Bath/Brush,Herding Group,"12.5-13.75 inches (male), 11.5-12.75 inches (female)",https://s3.amazonaws.com/cdn-origin-etr.akc.org/wp-content/uploads/2017/11/12211633/Swedish-Vallhund-on-White-01.jpg,12-15 years,Seasonal,"Friendly, Energetic, Watchful",Eager to Please,20-35 pounds
Tibetan Mastiff,Ranks 131 of 193,Regular Exercise,2-3 Times a Week Brushing,Working Group,"minimum 26 inches (male), minimum 24 inches (female)",https://s3.amazonaws.com/cdn-origin-etr.akc.org/wp-content/uploads/2017/11/12223558/Tibetan-Mastiff-On-White-03.jpg,10-12 years,Seasonal,"Independent, Reserved, Intelligent",Independent,"90-150 pounds (male), 70-120 pounds (female)"
Tibetan Spaniel,Ranks 119 of 193,Calm,Weekly Brushing,Non-Sporting Group,10 inches,https://s3.amazonaws.com/cdn-origin-etr.akc.org/wp-content/uploads/2017/11/12223531/Tibetan-Spaniel-On-White-03.jpg,12-15 years,Seasonal,"Playful, Bright, Self-Confident",Agreeable,9-15 pounds
Tibetan Terrier,Ranks 96 of 193,Energetic,2-3 Times a Week Brushing,Non-Sporting Group,14-17 inches,https://s3.amazonaws.com/cdn-origin-etr.akc.org/wp-content/uploads/2017/11/12223455/Tibetan-Terrier-On-White-01.jpg,15-16 years,Seasonal,"Affectionate, Loyal, Sensitive",Independent,"18-30 pounds (male), slightly smaller (female)"
Toy Fox Terrier,Ranks 111 of 193,Energetic,Weekly Brushing,Toy Group,8.5-11.5 inches,https://s3.amazonaws.com/cdn-origin-etr.akc.org/wp-content/uploads/2017/11/12223410/Toy-Fox-Terrier-On-White-03.jpg,13-15 years,Occasional,"Friendly, Alert, Intelligent",Eager to Please,
Treeing Tennessee Brindle,,Weekly Brushing,Weekly Brushing,Foundation Stock Service,16-24 inches,https://s3.amazonaws.com/cdn-origin-etr.akc.org/wp-content/uploads/2017/11/12205430/Treeing-Tennessee-Brindle-on-White-01.jpg,10-12 years,Regular Exercise,"Friendly, Alert, Intelligent",Occasional,30-50 pounds
Treeing Walker Coonhound,Ranks 137 of 193,Regular Exercise,Occasional Bath/Brush,Hound Group,"22-27 inches (male), 20-25 inches (female)",https://s3.amazonaws.com/cdn-origin-etr.akc.org/wp-content/uploads/2017/11/12223344/Treeing-Walker-Coonhound-On-White-01.jpg,12-13 years,Seasonal,"Smart, Brave, Courteous",Independent,50-70 pounds
Vizsla,Ranks 31 of 193,Energetic,Weekly Brushing,Sporting Group,"22-24 inches (male), 21-23 inches (female)",https://s3.amazonaws.com/cdn-origin-etr.akc.org/wp-content/uploads/2017/11/12223307/Vizsla-On-White-01.jpg,12-14 years,Seasonal,"Affectionate, Gentle, Energetic",Eager to Please,"55-60 pounds (male), 44-55 pounds (female)"
Weimaraner,Ranks 36 of 193,Needs Lots of Activity,Weekly Brushing,Sporting Group,"25-27 inches (male), 23-25 inches (female)",https://s3.amazonaws.com/cdn-origin-etr.akc.org/wp-content/uploads/2017/11/12223229/Weimaraner-On-White-01.jpg,10-13 years,Seasonal,"Friendly, Fearless, Obedient",Eager to Please,"70-90 pounds (male), 55-75 pounds (female)"
Welsh Springer Spaniel,Ranks 128 of 193,Energetic,Weekly Brushing,Sporting Group,"18-19 inches (male), 17-18 inches (female)",https://s3.amazonaws.com/cdn-origin-etr.akc.org/wp-content/uploads/2017/11/12194550/Welsh-Springer-Spaniel-on-White-01.jpg,12-15 years,Weekly Brushing,"Happy, Reserved, Upbeat",Easy Training,"40-55 pounds (male), 35-50 pounds (female)"
Welsh Terrier,Ranks 107 of 193,Energetic,2-3 Times a Week Brushing,Terrier Group,"15 inches (male), porportionally smaller (female)",https://s3.amazonaws.com/cdn-origin-etr.akc.org/wp-content/uploads/2017/11/12223127/Welsh-Terrier-On-White-03.jpg,12-15 years,Occasional,"Friendly, Spirited, Intelligent",Agreeable,"20 pounds, porportionally smaller (female)"
Whippet,Ranks 61 of 193,Regular Exercise,Occasional Bath/Brush,Hound Group,"19-22 inches (male), 18-21 inches (female)",https://s3.amazonaws.com/cdn-origin-etr.akc.org/wp-content/uploads/2017/11/12192102/Whippet-5-st.jpg,12-15 years,Occasional,"Affectionate, Playful, Calm",Independent,25-40 pounds
Wirehaired Pointing Griffon,Ranks 65 of 193,Needs Lots of Activity,Weekly Brushing,Sporting Group,"22-24 inches (male), 20-22 inches (female)",https://s3.amazonaws.com/cdn-origin-etr.akc.org/wp-content/uploads/2017/11/12222848/Wirehaired-Pointing-Griffon-On-White-02.jpg,12-15 years,Seasonal,"Friendly, Devoted, Trainable",Agreeable,"50-70 pounds (male), 35-50 pounds (female)"
Xoloitzcuintli,Ranks 140 of 193,Energetic,Occasional Bath/Brush,Non-Sporting Group,"10-14 inches (toy), 14-18 inches (miniature), 18-23 inches (standard)",https://s3.amazonaws.com/cdn-origin-etr.akc.org/wp-content/uploads/2017/11/12222734/Xoloitzcuintli-On-White-01.jpg,13-18 years,Infrequent,"Loyal, Alert, Calm",Agreeable,"10-15 pounds (toy), 15-30 pounds (miniature), 30-55 pounds (standard)"
Yorkshire Terrier,Ranks 10 of 193,Regular Exercise,Specialty/Professional,Toy Group,7-8 inches,https://s3.amazonaws.com/cdn-origin-etr.akc.org/wp-content/uploads/2017/11/20203728/Yorkshire-Terrier-2.1.jpg,11-15 years,Infrequent,"Affectionate, Sprightly, Tomboyish",May be Stubborn,7 pounds
