Breed,Energy,Grooming,Group,ImageURL,lelow,lehigh,Shedding,Trainability
Affenpinscher,Regular Exercise,2-3 Times a Week Brushing,Toy Group,https://s3.amazonaws.com/cdn-origin-etr.akc.org/wp-content/uploads/2017/11/30174107/Affenpinscher-copy.jpg,12,15,Seasonal,Easy Training
Afghan Hound,Energetic,Daily Brushing,Hound Group,https://s3.amazonaws.com/cdn-origin-etr.akc.org/wp-content/uploads/2017/11/19145725/Afghan-Hound1.jpg,12,18,Infrequent,May be Stubborn
Airedale Terrier,Regular Exercise,2-3 Times a Week Brushing,Terrier Group,https://s3.amazonaws.com/cdn-origin-etr.akc.org/wp-content/uploads/2017/11/13001924/Airedale-Terrier-On-White-03.jpg,11,14,Occasional,Eager to Please
Akita,Energetic,Daily Brushing,Working Group,https://s3.amazonaws.com/cdn-origin-etr.akc.org/wp-content/uploads/2017/11/13001904/Akita-On-White-01.jpg,10,13,Seasonal,Eager to Please
Alaskan Malamute,Energetic,2-3 Times a Week Brushing,Working Group,https://s3.amazonaws.com/cdn-origin-etr.akc.org/wp-content/uploads/2017/11/13001815/Alaskan-Malamute-On-White-03.jpg,10,14,2-3 Times a Week Brushing,Independent
American English Coonhound,Energetic,Occasional Bath/Brush,Hound Group,https://s3.amazonaws.com/cdn-origin-etr.akc.org/wp-content/uploads/2017/11/13001745/American-English-Coonhound-On-White-03.jpg,11,12,Occasional,Agreeable
American Eskimo Dog,Energetic,Weekly Brushing,Non-Sporting Group,https://s3.amazonaws.com/cdn-origin-etr.akc.org/wp-content/uploads/2017/11/13001714/American-Eskimo-Dog-On-White-03.jpg,13,15,Seasonal,Eager to Please
American Foxhound,Energetic,Occasional Bath/Brush,Hound Group,https://s3.amazonaws.com/cdn-origin-etr.akc.org/wp-content/uploads/2017/11/13001630/American-Foxhound-On-White-03.jpg,11,13,Seasonal,Independent
American Staffordshire Terrier,Regular Exercise,Occasional Bath/Brush,Terrier Group,https://s3.amazonaws.com/cdn-origin-etr.akc.org/wp-content/uploads/2017/11/07172037/AmStaff.06.jpg,12,16,Occasional,Agreeable
American Water Spaniel,Regular Exercise,2-3 Times a Week Brushing,Sporting Group,https://s3.amazonaws.com/cdn-origin-etr.akc.org/wp-content/uploads/2017/11/04160609/American-Water-Spaniel.1.jpg,10,14,Infrequent,Eager to Please
Anatolian Shepherd Dog,Regular Exercise,Weekly Brushing,Working Group,https://s3.amazonaws.com/cdn-origin-etr.akc.org/wp-content/uploads/2017/11/13001436/Anatolian-Shepherd-Dog-On-White-01.jpg,11,13,Seasonal,Independent
Appenzeller Sennenhunde,Needs Lots of Activity,Weekly Brushing,Foundation Stock Service,https://s3.amazonaws.com/cdn-origin-etr.akc.org/wp-content/uploads/2017/11/07194156/AdobeStock_64186349.jpg,12,15,Regularly,May be Stubborn
Australian Cattle Dog,Needs Lots of Activity,Occasional Bath/Brush,Herding Group,https://s3.amazonaws.com/cdn-origin-etr.akc.org/wp-content/uploads/2017/11/13001403/Australian-Cattle-Dog-On-White-03.jpg,12,16,Regularly,May be Stubborn
Australian Kelpie,Energetic,Weekly Brushing,Foundation Stock Service,https://s3.amazonaws.com/cdn-origin-etr.akc.org/wp-content/uploads/2017/11/14153647/Australian-Kelpie.jpg,10,13,Regularly,Eager to Please
Australian Shepherd,Energetic,Weekly Brushing,Herding Group,https://s3.amazonaws.com/cdn-origin-etr.akc.org/wp-content/uploads/2017/11/03173132/Australian-Shepherd.1.jpg,12,15,Seasonal,Eager to Please
Australian Terrier,Energetic,Weekly Brushing,Terrier Group,https://s3.amazonaws.com/cdn-origin-etr.akc.org/wp-content/uploads/2017/11/29112347/Australian-Terrier-on-White-011.jpg,11,15,Infrequent,Agreeable
Azawakh,Regular Exercise,Weekly Brushing,Hound Group,https://s3.amazonaws.com/cdn-origin-etr.akc.org/wp-content/uploads/2017/11/03163019/Azawakh_171089447.jpg,12,15,Occasional,Independent
Barbet,Regular Exercise,Weekly Brushing,Miscellaneous Class,https://s3.amazonaws.com/cdn-origin-etr.akc.org/wp-content/uploads/2017/11/27114851/barbet.lying_.jpg,12,14,Infrequent,Agreeable
Basenji,Energetic,Occasional Bath/Brush,Hound Group,https://s3.amazonaws.com/cdn-origin-etr.akc.org/wp-content/uploads/2017/11/13001133/Basenji-On-White-01.jpg,13,14,Occasional,Independent
Beagle,Energetic,2-3 Times a Week Brushing,Hound Group,https://s3.amazonaws.com/cdn-origin-etr.akc.org/wp-content/uploads/2017/11/13000937/Beagle-On-White-07.jpg,10,15,Seasonal,Agreeable
Bearded Collie,Regular Exercise,Daily Brushing,Herding Group,https://s3.amazonaws.com/cdn-origin-etr.akc.org/wp-content/uploads/2017/11/13000856/Bearded-Collie-On-White-01.jpg,12,14,Seasonal,Independent
Bedlington Terrier,Energetic,2-3 Times a Week Brushing,Terrier Group,https://s3.amazonaws.com/cdn-origin-etr.akc.org/wp-content/uploads/2017/11/06122056/20121215-_MG_3486.jpg,11,16,2-3 Times a Week Brushing,Agreeable
Belgian Malinois,Energetic,Weekly Brushing,Herding Group,https://s3.amazonaws.com/cdn-origin-etr.akc.org/wp-content/uploads/2017/11/13000724/Belgian-Malinois-On-White-01.jpg,14,16,Seasonal,Easy Training
Belgian Sheepdog,Energetic,2-3 Times a Week Brushing,Herding Group,https://s3.amazonaws.com/cdn-origin-etr.akc.org/wp-content/uploads/2017/11/13000641/Belgian-Sheepdog-On-White-01.jpg,12,14,Seasonal,Easy Training
Belgian Tervuren,Energetic,2-3 Times a Week Brushing,Herding Group,https://s3.amazonaws.com/cdn-origin-etr.akc.org/wp-content/uploads/2017/11/29201539/Belgian-Tervuren.3.jpg,12,14,Seasonal,Easy Training
Berger Picard,Needs Lots of Activity,Occasional Bath/Brush,Herding Group,https://s3.amazonaws.com/cdn-origin-etr.akc.org/wp-content/uploads/2017/11/07192240/New-Stacking-full-body-2.jpg,12,13,Seasonal,Easy Training
Bernese Mountain Dog,Energetic,2-3 Times a Week Brushing,Working Group,https://s3.amazonaws.com/cdn-origin-etr.akc.org/wp-content/uploads/2017/11/13000440/Bernese-Mountain-Dog-On-White-01.jpg,7,10,Frequent,Easy Training
Bichon Frise,Regular Exercise,Specialty/Professional,Non-Sporting Group,https://s3.amazonaws.com/cdn-origin-etr.akc.org/wp-content/uploads/2017/11/13000402/Bichon-Frise-On-White-03.jpg,14,15,Infrequent,Agreeable
Black And Tan Coonhound,Regular Exercise,Weekly Brushing,Hound Group,https://s3.amazonaws.com/cdn-origin-etr.akc.org/wp-content/uploads/2017/11/29172221/Black-and-Tan-Coonhound-On-White-031.jpg,10,12,Seasonal,Independent
Black Russian Terrier,Energetic,Daily Brushing,Working Group,https://s3.amazonaws.com/cdn-origin-etr.akc.org/wp-content/uploads/2017/11/29203455/Black-Russian-Terrier-On-White-031.jpg,10,12,Seasonal,Easy Training
Bloodhound,Regular Exercise,Weekly Brushing,Hound Group,https://s3.amazonaws.com/cdn-origin-etr.akc.org/wp-content/uploads/2017/11/13000208/Bloodhound-On-White-01.jpg,10,12,Seasonal,Independent
Bluetick Coonhound,Energetic,Weekly Brushing,Hound Group,https://s3.amazonaws.com/cdn-origin-etr.akc.org/wp-content/uploads/2017/11/13000127/Bluetick-Coonhound-On-White-01.jpg,11,12,Seasonal,Agreeable
Boerboel,Calm,Occasional Bath/Brush,Working Group,https://s3.amazonaws.com/cdn-origin-etr.akc.org/wp-content/uploads/2017/11/13000046/Boerboel-On-White-01.jpg,9,11,Occasional,Agreeable
Bolognese,Calm,2-3 Times a Week Brushing,Foundation Stock Service,https://s3.amazonaws.com/cdn-origin-etr.akc.org/wp-content/uploads/2017/11/07171038/AdobeStock_71665389.jpg,12,14,Infrequent,Agreeable
Border Collie,Needs Lots of Activity,2-3 Times a Week Brushing,Herding Group,https://s3.amazonaws.com/cdn-origin-etr.akc.org/wp-content/uploads/2017/11/12235957/Border-Collie-On-White-01.jpg,12,15,Seasonal,Eager to Please
Border Terrier,Regular Exercise,Weekly Brushing,Terrier Group,https://s3.amazonaws.com/cdn-origin-etr.akc.org/wp-content/uploads/2017/11/12235916/Border-Terrier-On-White-03.jpg,12,15,Occasional,Easy Training
Borzoi,Energetic,Weekly Brushing,Hound Group,https://s3.amazonaws.com/cdn-origin-etr.akc.org/wp-content/uploads/2017/11/01132030/Borzoi-On-White-031.jpg,9,14,Seasonal,Independent
Boston Terrier,Regular Exercise,Weekly Brushing,Non-Sporting Group,https://s3.amazonaws.com/cdn-origin-etr.akc.org/wp-content/uploads/2017/11/12235803/Boston-Terrier-On-White-03.jpg,11,13,Infrequent,Eager to Please
Bouvier Des Flandres,Energetic,Daily Brushing,Herding Group,https://s3.amazonaws.com/cdn-origin-etr.akc.org/wp-content/uploads/2017/11/12235721/Bouvier-des-Flandres-On-White-02.jpg,10,12,Seasonal,Agreeable
Boxer,Energetic,Weekly Brushing,Working Group,https://s3.amazonaws.com/cdn-origin-etr.akc.org/wp-content/uploads/2017/11/17154200/Boxer.1.jpg,10,12,Occasional,Easy Training
Boykin Spaniel,Regular Exercise,2-3 Times a Week Brushing,Sporting Group,https://s3.amazonaws.com/cdn-origin-etr.akc.org/wp-content/uploads/2017/11/30223645/Boykin_Spaniel_Alert.jpg,10,15,Seasonal,Eager to Please
Bracco Italiano,Energetic,Occasional Bath/Brush,Foundation Stock Service,https://s3.amazonaws.com/cdn-origin-etr.akc.org/wp-content/uploads/2017/11/15104437/Bracco.7.jpg,10,14,Occasional,Easy Training
Briard,Regular Exercise,Daily Brushing,Herding Group,https://s3.amazonaws.com/cdn-origin-etr.akc.org/wp-content/uploads/2017/11/12235526/Briard-On-White-01.jpg,12,12,Infrequent,Independent
Brittany,Needs Lots of Activity,2-3 Times a Week Brushing,Sporting Group,https://s3.amazonaws.com/cdn-origin-etr.akc.org/wp-content/uploads/2017/11/19033403/Brittany-1.jpg,12,14,Seasonal,Eager to Please
Brussels Griffon,Regular Exercise,2-3 Times a Week Brushing,Toy Group,https://s3.amazonaws.com/cdn-origin-etr.akc.org/wp-content/uploads/2017/11/12212238/Brussels-Griffon-on-White-06.jpg,12,15,Seasonal,Agreeable
Bull Terrier,Energetic,Weekly Brushing,Terrier Group,https://s3.amazonaws.com/cdn-origin-etr.akc.org/wp-content/uploads/2017/11/12235344/Bull-Terrier-On-White-03.jpg,12,13,Seasonal,Independent
Bulldog,Regular Exercise,2-3 Times a Week Brushing,Non-Sporting Group,https://s3.amazonaws.com/cdn-origin-etr.akc.org/wp-content/uploads/2017/11/21010129/Bulldog-Slide-02.jpg,8,10,Regularly,Agreeable
Bullmastiff,Energetic,Occasional Bath/Brush,Working Group,https://s3.amazonaws.com/cdn-origin-etr.akc.org/wp-content/uploads/2017/11/12212353/Bullmastiff-on-White-05.jpg,7,9,Seasonal,Agreeable
Cairn Terrier,Regular Exercise,Weekly Brushing,Terrier Group,https://s3.amazonaws.com/cdn-origin-etr.akc.org/wp-content/uploads/2017/11/04193145/Cairn-Terriers-on-White-031.jpg,13,15,Occasional,Agreeable
Canaan Dog,Regular Exercise,Weekly Brushing,Herding Group,https://s3.amazonaws.com/cdn-origin-etr.akc.org/wp-content/uploads/2017/11/12235112/Canaan-Dog-On-White-01.jpg,12,15,Frequent,Independent
Cane Corso,Energetic,Occasional Bath/Brush,Working Group,https://s3.amazonaws.com/cdn-origin-etr.akc.org/wp-content/uploads/2017/11/18123713/Cane-Corso-AKC-121516-296.jpg,9,12,Occasional,Agreeable
Cardigan Welsh Corgi,Energetic,Weekly Brushing,Herding Group,https://s3.amazonaws.com/cdn-origin-etr.akc.org/wp-content/uploads/2017/11/04202304/Cardigan-Welsh-Corgi-on-White-111.jpg,12,15,Seasonal,Agreeable
Catahoula Leopard Dog,Needs Lots of Activity,Needs Lots of Activity,Foundation Stock Service,https://s3.amazonaws.com/cdn-origin-etr.akc.org/wp-content/uploads/2017/11/12211404/Catahoula-Leopard-Dog-on-White-02.jpg,10,14,Reserved with Strangers,Independent
Caucasian Shepherd Dog,Calm,2-3 Times a Week Brushing,Foundation Stock Service,https://s3.amazonaws.com/cdn-origin-etr.akc.org/wp-content/uploads/2017/11/14131930/GettyImages-1095398138.jpg,10,12,Regularly,Independent
Cavalier King Charles Spaniel,Calm,Weekly Brushing,Toy Group,https://s3.amazonaws.com/cdn-origin-etr.akc.org/wp-content/uploads/2017/11/12234921/Cavalier-King-Charles-Spaniel-On-White-03.jpg,12,15,Occasional,Eager to Please
Cesky Terrier,Regular Exercise,Weekly Brushing,Terrier Group,https://s3.amazonaws.com/cdn-origin-etr.akc.org/wp-content/uploads/2017/11/15141010/Cesky-Terrier-on-White-011.jpg,12,15,Occasional,Agreeable
Chesapeake Bay Retriever,Energetic,2-3 Times a Week Brushing,Sporting Group,https://s3.amazonaws.com/cdn-origin-etr.akc.org/wp-content/uploads/2017/11/12234759/Chesapeake-Bay-Retriever-On-White-03.jpg,10,13,Regularly,Agreeable
Chihuahua,Regular Exercise,Occasional Bath/Brush,Toy Group,https://s3.amazonaws.com/cdn-origin-etr.akc.org/wp-content/uploads/2017/11/12213613/Chihuahua-onWhite-13.jpg,14,16,Occasional,Independent
Chinese Crested,Regular Exercise,Occasional Bath/Brush,Toy Group,https://s3.amazonaws.com/cdn-origin-etr.akc.org/wp-content/uploads/2017/11/12234649/Chinese-Crested-On-White-01.jpg,13,18,Infrequent,Agreeable
Chinese Shar Pei,Regular Exercise,Occasional Bath/Brush,Non-Sporting Group,https://s3.amazonaws.com/cdn-origin-etr.akc.org/wp-content/uploads/2017/11/12234623/Chinese-Shar-Pei-On-White-02.jpg,8,12,Regularly,May be Stubborn
Chinook,Energetic,Weekly Brushing,Working Group,https://s3.amazonaws.com/cdn-origin-etr.akc.org/wp-content/uploads/2017/11/12234558/Chinook-On-White-03.jpg,12,15,Seasonal,Eager to Please
Chow Chow,Regular Exercise,2-3 Times a Week Brushing,Non-Sporting Group,https://s3.amazonaws.com/cdn-origin-etr.akc.org/wp-content/uploads/2017/11/12234523/Chow-Chow-On-White-01.jpg,8,12,Seasonal,May be Stubborn
Clumber Spaniel,Regular Exercise,Weekly Brushing,Sporting Group,https://s3.amazonaws.com/cdn-origin-etr.akc.org/wp-content/uploads/2017/11/07135844/Clumber-Spaniel-On-White-011.jpg,10,12,Regularly,Agreeable
Cocker Spaniel,Regular Exercise,Daily Brushing,Sporting Group,https://s3.amazonaws.com/cdn-origin-etr.akc.org/wp-content/uploads/2017/11/12213216/Cocker-Spaniel-on-White-13.jpg,10,14,Occasional,Eager to Please
Collie,Regular Exercise,2-3 Times a Week Brushing,Herding Group,https://s3.amazonaws.com/cdn-origin-etr.akc.org/wp-content/uploads/2017/11/12234244/Collie-On-White-01.jpg,12,14,Seasonal,Easy Training
Coton De Tulear,Regular Exercise,Daily Brushing,Non-Sporting Group,https://s3.amazonaws.com/cdn-origin-etr.akc.org/wp-content/uploads/2017/11/12234218/Coton-de-Tulear-On-White-03.jpg,15,19,Occasional,Easy Training
Curly Coated Retriever,Energetic,Occasional Bath/Brush,Sporting Group,https://s3.amazonaws.com/cdn-origin-etr.akc.org/wp-content/uploads/2017/11/12185646/Curly-Coated-Retriever-on-White-04.jpg,10,12,Occasional,Independent
Dachshund,Regular Exercise,Weekly Brushing,Hound Group,https://s3.amazonaws.com/cdn-origin-etr.akc.org/wp-content/uploads/2017/11/12234114/Dachshund-On-White-01.jpg,12,16,Occasional,Agreeable
Dalmatian,Energetic,Weekly Brushing,Non-Sporting Group,https://s3.amazonaws.com/cdn-origin-etr.akc.org/wp-content/uploads/2017/11/12234026/Dalmatian-On-White-01.jpg,11,13,Frequent,Agreeable
Dandie Dinmont Terrier,Regular Exercise,Daily Brushing,Terrier Group,https://s3.amazonaws.com/cdn-origin-etr.akc.org/wp-content/uploads/2017/11/12213000/Dandie-Dinmont-Terrier-slide-6.jpg,12,15,Infrequent,Independent
Doberman Pinscher,Needs Lots of Activity,Occasional Bath/Brush,Working Group,https://s3.amazonaws.com/cdn-origin-etr.akc.org/wp-content/uploads/2017/11/12233854/Doberman-Pinscher-On-White-03.jpg,10,12,Regularly,Eager to Please
Dogo Argentino,Occasional Bath/Brush,Occasional Bath/Brush,Miscellaneous Class,https://s3.amazonaws.com/cdn-origin-etr.akc.org/wp-content/uploads/2017/11/11141747/Dogo-Argentino.jpg,9,15,Needs Lots of Activity,Infrequent
Dogue De Bordeaux,Regular Exercise,Occasional Bath/Brush,Working Group,https://s3.amazonaws.com/cdn-origin-etr.akc.org/wp-content/uploads/2017/11/12233808/Dogue-de-Bordeaux-On-White-03.jpg,5,8,Regularly,Agreeable
Dutch Shepherd,Needs Lots of Activity,Weekly Brushing,Miscellaneous Class,https://s3.amazonaws.com/cdn-origin-etr.akc.org/wp-content/uploads/2017/11/12205622/Dutch-Shepherd-on-White-01.jpg,11,14,Seasonal,Agreeable
English Cocker Spaniel,Regular Exercise,2-3 Times a Week Brushing,Sporting Group,https://s3.amazonaws.com/cdn-origin-etr.akc.org/wp-content/uploads/2017/11/16105011/English-Cocker-Spaniel-Slide03.jpg,12,14,Occasional,Eager to Please
English Foxhound,Energetic,Occasional Bath/Brush,Hound Group,https://s3.amazonaws.com/cdn-origin-etr.akc.org/wp-content/uploads/2017/11/12233653/English-Foxhound-On-White-01.jpg,10,13,Regularly,Agreeable
English Setter,Energetic,2-3 Times a Week Brushing,Sporting Group,https://s3.amazonaws.com/cdn-origin-etr.akc.org/wp-content/uploads/2017/11/12233610/English-Setter-On-White-03.jpg,12,12,Regularly,Easy Training
English Springer Spaniel,Regular Exercise,Weekly Brushing,Sporting Group,https://s3.amazonaws.com/cdn-origin-etr.akc.org/wp-content/uploads/2017/11/08110247/English-Springer-Spaniel-On-White-011.jpg,12,14,Occasional,Eager to Please
English Toy Spaniel,Regular Exercise,2-3 Times a Week Brushing,Toy Group,https://s3.amazonaws.com/cdn-origin-etr.akc.org/wp-content/uploads/2017/11/08140952/English-Toy-Spaniel-Slide-03.jpg,10,12,Seasonal,Independent
Entlebucher Mountain Dog,Needs Lots of Activity,Occasional Bath/Brush,Herding Group,https://s3.amazonaws.com/cdn-origin-etr.akc.org/wp-content/uploads/2017/11/12233437/Entlebucher-Mountain-Dog-On-White-01.jpg,11,13,Infrequent,Independent
Field Spaniel,Regular Exercise,Weekly Brushing,Sporting Group,https://s3.amazonaws.com/cdn-origin-etr.akc.org/wp-content/uploads/2017/11/12233354/Field-Spaniel-On-White-01.jpg,12,13,Regularly,Agreeable
Finnish Lapphund,Regular Exercise,Weekly Brushing,Herding Group,https://s3.amazonaws.com/cdn-origin-etr.akc.org/wp-content/uploads/2017/11/12233323/Finnish-Lapphund-On-White-01.jpg,12,15,Seasonal,Eager to Please
Finnish Spitz,Needs Lots of Activity,Weekly Brushing,Non-Sporting Group,https://s3.amazonaws.com/cdn-origin-etr.akc.org/wp-content/uploads/2017/11/12233256/Finnish-Spitz-On-White-01.jpg,13,15,Seasonal,Agreeable
Flat Coated Retriever,Needs Lots of Activity,Weekly Brushing,Sporting Group,https://s3.amazonaws.com/cdn-origin-etr.akc.org/wp-content/uploads/2017/11/12233222/Flat-Coated-Retriever-On-White-03.jpg,8,10,Regularly,Eager to Please
French Bulldog,Calm,Occasional Bath/Brush,Non-Sporting Group,https://s3.amazonaws.com/cdn-origin-etr.akc.org/wp-content/uploads/2017/11/12145606/20121215-_MG_3384.jpg,10,12,Regularly,Agreeable
German Pinscher,Needs Lots of Activity,Occasional Bath/Brush,Working Group,https://s3.amazonaws.com/cdn-origin-etr.akc.org/wp-content/uploads/2017/11/12233117/German-Pinscher-On-White-01.jpg,12,14,Occasional,Agreeable
German Shepherd Dog,Regular Exercise,Weekly Brushing,Herding Group,https://s3.amazonaws.com/cdn-origin-etr.akc.org/wp-content/uploads/2017/11/12213218/German-Shepherd-on-White-00.jpg,7,10,Regularly,Eager to Please
German Shorthaired Pointer,Needs Lots of Activity,Weekly Brushing,Sporting Group,https://s3.amazonaws.com/cdn-origin-etr.akc.org/wp-content/uploads/2017/11/12232941/German-Shorthaired-Pointer-On-White-07.jpg,10,12,Regularly,Eager to Please
German Wirehaired Pointer,Needs Lots of Activity,Weekly Brushing,Sporting Group,https://s3.amazonaws.com/cdn-origin-etr.akc.org/wp-content/uploads/2017/11/12232911/German-Wirehaired-Pointer-On-White-01.jpg,14,16,Regularly,Eager to Please
Giant Schnauzer,Needs Lots of Activity,Daily Brushing,Working Group,https://s3.amazonaws.com/cdn-origin-etr.akc.org/wp-content/uploads/2017/11/12232847/Giant-Schnauzer-On-White-01.jpg,12,15,Daily Brushing,Easy Training
Glen Of Imaal Terrier,Regular Exercise,2-3 Times a Week Brushing,Terrier Group,https://s3.amazonaws.com/cdn-origin-etr.akc.org/wp-content/uploads/2017/11/12232815/Glen-of-Imaal-Terrier-On-White-01.jpg,10,15,Occasional,Independent
Golden Retriever,Needs Lots of Activity,Weekly Brushing,Sporting Group,https://s3.amazonaws.com/cdn-origin-etr.akc.org/wp-content/uploads/2017/11/12121353/GoldenRetriever1_stacked.jpg,10,12,Seasonal,Eager to Please
Gordon Setter,Needs Lots of Activity,Weekly Brushing,Sporting Group,https://s3.amazonaws.com/cdn-origin-etr.akc.org/wp-content/uploads/2017/11/12232627/Gordon-Setter-On-White-03.jpg,12,13,Seasonal,Independent
Great Dane,Energetic,Occasional Bath/Brush,Working Group,https://s3.amazonaws.com/cdn-origin-etr.akc.org/wp-content/uploads/2017/11/12232605/Great-Dane-On-White-01.jpg,7,10,Seasonal,Agreeable
Great Pyrenees,Needs Lots of Activity,Weekly Brushing,Working Group,https://s3.amazonaws.com/cdn-origin-etr.akc.org/wp-content/uploads/2017/11/12200322/Great-Pyrenees-on-White-031.jpg,10,12,Seasonal,Independent
Greater Swiss Mountain Dog,Energetic,Weekly Brushing,Working Group,https://s3.amazonaws.com/cdn-origin-etr.akc.org/wp-content/uploads/2017/11/12232456/Greater-Swiss-Mountain-Dog-On-White-01.jpg,8,11,Seasonal,Agreeable
Greyhound,Energetic,Occasional Bath/Brush,Hound Group,https://s3.amazonaws.com/cdn-origin-etr.akc.org/wp-content/uploads/2017/11/17171017/Greyhounds.jpg,10,13,Occasional,Independent
Harrier,Needs Lots of Activity,Weekly Brushing,Hound Group,https://s3.amazonaws.com/cdn-origin-etr.akc.org/wp-content/uploads/2017/11/22174432/Harrier3.jpg,12,15,Occasional,Easy Training
Havanese,Regular Exercise,2-3 Times a Week Brushing,Toy Group,https://s3.amazonaws.com/cdn-origin-etr.akc.org/wp-content/uploads/2017/11/12232252/Havanese-On-White-01.jpg,14,16,Occasional,Easy Training
Ibizan Hound,Needs Lots of Activity,Occasional Bath/Brush,Hound Group,https://s3.amazonaws.com/cdn-origin-etr.akc.org/wp-content/uploads/2017/11/12232219/Ibizan-Hound-On-White-01.jpg,11,14,Occasional,Independent
Icelandic Sheepdog,Energetic,Weekly Brushing,Herding Group,https://s3.amazonaws.com/cdn-origin-etr.akc.org/wp-content/uploads/2017/11/14115958/Icelandic-Face.jpg,12,14,Seasonal,Eager to Please
Irish Red And White Setter,Needs Lots of Activity,Weekly Brushing,Sporting Group,https://s3.amazonaws.com/cdn-origin-etr.akc.org/wp-content/uploads/2017/11/12213903/Irish-Red-And-White-Setter-On-White-02.jpg,11,15,Weekly Brushing,Easy Training
Irish Setter,Needs Lots of Activity,2-3 Times a Week Brushing,Sporting Group,https://s3.amazonaws.com/cdn-origin-etr.akc.org/wp-content/uploads/2017/11/12232053/Irish-Setter-On-White-01.jpg,12,15,2-3 Times a Week Brushing,Agreeable
Irish Terrier,Regular Exercise,Occasional Bath/Brush,Terrier Group,https://s3.amazonaws.com/cdn-origin-etr.akc.org/wp-content/uploads/2017/11/12213034/Irish-Terrier-on-white-01.jpg,13,15,Occasional Bath/Brush,Agreeable
Irish Water Spaniel,Needs Lots of Activity,Weekly Brushing,Sporting Group,https://s3.amazonaws.com/cdn-origin-etr.akc.org/wp-content/uploads/2017/11/12231921/Irish-Water-Spaniel-On-White-01.jpg,12,13,Weekly Brushing,Easy Training
Irish Wolfhound,Regular Exercise,Weekly Brushing,Hound Group,https://s3.amazonaws.com/cdn-origin-etr.akc.org/wp-content/uploads/2017/11/12211902/Irish-Wolfhound-on-White-12.jpg,6,8,Seasonal,Independent
Italian Greyhound,Regular Exercise,Occasional Bath/Brush,Toy Group,https://s3.amazonaws.com/cdn-origin-etr.akc.org/wp-content/uploads/2017/11/12213025/Italian-Greyhound-on-white-01.jpg,14,15,Seasonal,Independent
Japanese Chin,Regular Exercise,Weekly Brushing,Toy Group,https://s3.amazonaws.com/cdn-origin-etr.akc.org/wp-content/uploads/2017/11/12210836/Japanese-Chin-on-White-01.jpg.jpg,10,12,Seasonal,Independent
Karelian Bear Dog,Occasional Bath/Brush,Occasional Bath/Brush,Foundation Stock Service,https://s3.amazonaws.com/cdn-origin-etr.akc.org/wp-content/uploads/2017/11/12190032/Karelian-Bear-Dog-on-White-01.jpg,11,13,Calm,Seasonal
Keeshond,Regular Exercise,2-3 Times a Week Brushing,Non-Sporting Group,https://s3.amazonaws.com/cdn-origin-etr.akc.org/wp-content/uploads/2017/11/12231652/Keeshond-On-White-01.jpg,12,15,Seasonal,Easy Training
Kerry Blue Terrier,Regular Exercise,2-3 Times a Week Brushing,Terrier Group,https://s3.amazonaws.com/cdn-origin-etr.akc.org/wp-content/uploads/2017/11/12211714/Kerry-Blue-on-White-00.jpg,12,15,2-3 Times a Week Brushing,May be Stubborn
Komondor,Regular Exercise,Specialty/Professional,Working Group,https://s3.amazonaws.com/cdn-origin-etr.akc.org/wp-content/uploads/2017/11/12231525/Komondor-On-White-01.jpg,10,12,Specialty/Professional,Independent
Kooikerhondje,Regular Exercise,Weekly Brushing,Sporting Group,https://s3.amazonaws.com/cdn-origin-etr.akc.org/wp-content/uploads/2017/11/27080721/Kooiker-Profile2-800x600.jpg,12,15,Seasonal,Eager to Please
Kuvasz,Regular Exercise,Weekly Brushing,Working Group,https://s3.amazonaws.com/cdn-origin-etr.akc.org/wp-content/uploads/2017/11/12231449/Kuvasz-On-White-01.jpg,10,12,Weekly Brushing,Independent
Labrador Retriever,Needs Lots of Activity,Weekly Brushing,Sporting Group,https://s3.amazonaws.com/cdn-origin-etr.akc.org/wp-content/uploads/2017/11/12231410/Labrador-Retriever-On-White-01.jpg,10,12,Weekly Brushing,Eager to Please
Lakeland Terrier,Regular Exercise,Weekly Brushing,Terrier Group,https://s3.amazonaws.com/cdn-origin-etr.akc.org/wp-content/uploads/2017/11/12231224/Lakeland-Terrier-On-White-02.jpg,12,15,Weekly Brushing,Agreeable
Lancashire Heeler,Energetic,Occasional Bath/Brush,Miscellaneous Class,https://s3.amazonaws.com/cdn-origin-etr.akc.org/wp-content/uploads/2017/11/12231213/Lancashire-Heeler-On-White-01.jpg,12,15,Occasional Bath/Brush,Easy Training
Leonberger,Regular Exercise,Daily Brushing,Working Group,https://s3.amazonaws.com/cdn-origin-etr.akc.org/wp-content/uploads/2017/11/12194744/Leonberger-on-White-05.jpg,7,7,Daily Brushing,Eager to Please
Lhasa Apso,Regular Exercise,2-3 Times a Week Brushing,Non-Sporting Group,https://s3.amazonaws.com/cdn-origin-etr.akc.org/wp-content/uploads/2017/11/12231104/Lhasa-Apso-On-White-01.jpg,12,15,Infrequent,Independent
Lowchen,Regular Exercise,Weekly Brushing,Non-Sporting Group,https://s3.amazonaws.com/cdn-origin-etr.akc.org/wp-content/uploads/2017/11/12213956/Lowchen-On-White-01.jpg,13,15,Occasional,Agreeable
Maltese,Regular Exercise,Daily Brushing,Toy Group,https://s3.amazonaws.com/cdn-origin-etr.akc.org/wp-content/uploads/2017/11/12231006/Maltese-On-White-04.jpg,12,15,Infrequent,Agreeable
Manchester Terrier,Regular Exercise,Weekly Brushing,Terrier Group,https://s3.amazonaws.com/cdn-origin-etr.akc.org/wp-content/uploads/2017/11/26203655/Manchester-Terrier-Standard-Slide-10.jpg,15,17,Occasional,Easy Training
Mastiff,Regular Exercise,Occasional Bath/Brush,Working Group,https://s3.amazonaws.com/cdn-origin-etr.akc.org/wp-content/uploads/2017/11/12230849/Mastiff-On-White-03.jpg,6,10,Occasional Bath/Brush,Agreeable
Miniature Pinscher,Regular Exercise,Occasional Bath/Brush,Toy Group,https://s3.amazonaws.com/cdn-origin-etr.akc.org/wp-content/uploads/2017/11/12230736/Miniature-Pinscher-On-White-03.jpg,12,16,Occasional Bath/Brush,Independent
Miniature Schnauzer,Regular Exercise,Specialty/Professional,Terrier Group,https://s3.amazonaws.com/cdn-origin-etr.akc.org/wp-content/uploads/2017/11/12230713/Miniature-Schnauzer-On-White-01.jpg,12,15,Specialty/Professional,Eager to Please
Mudi,Needs Lots of Activity,Occasional Bath/Brush,Miscellaneous Class,https://s3.amazonaws.com/cdn-origin-etr.akc.org/wp-content/uploads/2017/11/12230639/Mudi-On-White-01.jpg,12,14,Occasional,Eager to Please
Neapolitan Mastiff,Regular Exercise,Weekly Brushing,Working Group,https://s3.amazonaws.com/cdn-origin-etr.akc.org/wp-content/uploads/2017/11/12213114/Neopolitan-Mastiff-slide10-.jpg,7,9,Weekly Brushing,May be Stubborn
Newfoundland,Regular Exercise,Weekly Brushing,Working Group,https://s3.amazonaws.com/cdn-origin-etr.akc.org/wp-content/uploads/2017/11/16191840/Newfoundland-onWhite-012-1.jpg,9,10,Weekly Brushing,Easy Training
Norfolk Terrier,Regular Exercise,Weekly Brushing,Terrier Group,https://s3.amazonaws.com/cdn-origin-etr.akc.org/wp-content/uploads/2017/11/12230448/Norfolk-Terrier-On-White-01.jpg,12,16,Weekly Brushing,Agreeable
Norwegian Buhund,Energetic,Weekly Brushing,Herding Group,https://s3.amazonaws.com/cdn-origin-etr.akc.org/wp-content/uploads/2017/11/12230414/Norwegian-Buhund-On-White-01.jpg,12,15,Seasonal,Easy Training
Norwegian Elkhound,Regular Exercise,Weekly Brushing,Hound Group,https://s3.amazonaws.com/cdn-origin-etr.akc.org/wp-content/uploads/2017/11/12230345/Norwegian-Elkhound-On-White-02.jpg,12,15,Occasional,Agreeable
Norwegian Lundehund,Regular Exercise,Weekly Brushing,Non-Sporting Group,https://s3.amazonaws.com/cdn-origin-etr.akc.org/wp-content/uploads/2017/11/12230304/Norwegian-Lundehund-On-White-03.jpg,12,15,Seasonal,Agreeable
Norwich Terrier,Regular Exercise,Weekly Brushing,Terrier Group,https://s3.amazonaws.com/cdn-origin-etr.akc.org/wp-content/uploads/2017/11/12230240/Norwich-Terrier-On-White-03.jpg,12,15,Weekly Brushing,Agreeable
Nova Scotia Duck Tolling Retriever,Needs Lots of Activity,Weekly Brushing,Sporting Group,https://s3.amazonaws.com/cdn-origin-etr.akc.org/wp-content/uploads/2017/11/12212948/Nova-Scotia-Duck-Tolling-Retriever-slide.jpg,12,14,Weekly Brushing,Easy Training
Old English Sheepdog,Regular Exercise,2-3 Times a Week Brushing,Herding Group,https://s3.amazonaws.com/cdn-origin-etr.akc.org/wp-content/uploads/2017/11/12230147/Old-English-Sheepdog-On-White-03.jpg,10,12,Seasonal,Independent
Otterhound,Regular Exercise,Weekly Brushing,Hound Group,https://s3.amazonaws.com/cdn-origin-etr.akc.org/wp-content/uploads/2017/11/12230108/Otterhound-On-White-03.jpg,10,13,Occasional,May be Stubborn
Papillon,Regular Exercise,Weekly Brushing,Toy Group,https://s3.amazonaws.com/cdn-origin-etr.akc.org/wp-content/uploads/2017/11/12230042/Papillon-On-White-01.jpg,14,16,Seasonal,Eager to Please
Pekingese,Calm,2-3 Times a Week Brushing,Toy Group,https://s3.amazonaws.com/cdn-origin-etr.akc.org/wp-content/uploads/2017/11/12212930/Pekingese-slide-01.jpg,12,14,Seasonal,May be Stubborn
Pembroke Welsh Corgi,Energetic,Weekly Brushing,Herding Group,https://s3.amazonaws.com/cdn-origin-etr.akc.org/wp-content/uploads/2017/11/25201637/day_2_dec_14_085.jpg,12,13,Regularly,Agreeable
Petit Basset Griffon Vendeen,Energetic,Weekly Brushing,Hound Group,https://s3.amazonaws.com/cdn-origin-etr.akc.org/wp-content/uploads/2017/11/12212335/Petit-Basset-Griffon-Vendeen-On-White-03.jpg,14,16,Occasional,Independent
Pharaoh Hound,Energetic,Weekly Brushing,Hound Group,https://s3.amazonaws.com/cdn-origin-etr.akc.org/wp-content/uploads/2017/11/12214239/Pharaoh-Hound-On-White-03.jpg,12,14,Seasonal,Independent
Plott,Energetic,Occasional Bath/Brush,Hound Group,https://s3.amazonaws.com/cdn-origin-etr.akc.org/wp-content/uploads/2017/11/12225755/Plott-On-White-03.jpg,12,14,Occasional,Independent
Pointer,Energetic,Weekly Brushing,Sporting Group,https://s3.amazonaws.com/cdn-origin-etr.akc.org/wp-content/uploads/2017/11/12212246/Pointer-slide1.jpg,12,17,Occasional,Agreeable
Polish Lowland Sheepdog,Calm,Daily Brushing,Herding Group,https://s3.amazonaws.com/cdn-origin-etr.akc.org/wp-content/uploads/2017/11/12225700/Polish-Lowland-Sheepdog-On-White-01.jpg,12,14,Seasonal,May be Stubborn
Pomeranian,Regular Exercise,2-3 Times a Week Brushing,Toy Group,https://s3.amazonaws.com/cdn-origin-etr.akc.org/wp-content/uploads/2017/11/12225627/Pomeranian-On-White-01.jpg,12,16,Seasonal,Agreeable
Poodle,Regular Exercise,Specialty/Professional,Non-Sporting Group,https://s3.amazonaws.com/cdn-origin-etr.akc.org/wp-content/uploads/2017/11/12225538/Poodle-On-White-03.jpg,10,18,Infrequent,Eager to Please
Portuguese Water Dog,Energetic,Daily Brushing,Working Group,https://s3.amazonaws.com/cdn-origin-etr.akc.org/wp-content/uploads/2017/11/12225434/Portuguese-Water-Dog-On-White-03.jpg,11,13,Seasonal,Easy Training
Pug,Regular Exercise,Weekly Brushing,Toy Group,https://s3.amazonaws.com/cdn-origin-etr.akc.org/wp-content/uploads/2017/11/12225358/Pug-On-White-01.jpg,13,15,Regularly,Agreeable
Puli,Regular Exercise,Specialty/Professional,Herding Group,https://s3.amazonaws.com/cdn-origin-etr.akc.org/wp-content/uploads/2017/11/12225328/Puli-On-White-01.jpg,10,15,Infrequent,Independent
Pyrenean Shepherd,Regular Exercise,Weekly Brushing,Herding Group,https://s3.amazonaws.com/cdn-origin-etr.akc.org/wp-content/uploads/2017/11/12225211/Pyrenean-Shepherd-On-White-04.jpg,0,0,Seasonal,Agreeable
Rat Terrier,Regular Exercise,Weekly Brushing,Terrier Group,https://s3.amazonaws.com/cdn-origin-etr.akc.org/wp-content/uploads/2017/11/12225148/Rat-Terrier-On-White-01.jpg,12,18,Seasonal,Easy Training
Redbone Coonhound,Regular Exercise,Weekly Brushing,Hound Group,https://s3.amazonaws.com/cdn-origin-etr.akc.org/wp-content/uploads/2017/11/12225122/Redbone-Coonhound-On-White-01.jpg,12,15,Seasonal,Easy Training
Rhodesian Ridgeback,Regular Exercise,Weekly Brushing,Hound Group,https://s3.amazonaws.com/cdn-origin-etr.akc.org/wp-content/uploads/2017/11/12225049/Rhodesian-Ridgeback-On-White-01.jpg,0,0,Seasonal,Agreeable
Rottweiler,Regular Exercise,Occasional Bath/Brush,Working Group,https://s3.amazonaws.com/cdn-origin-etr.akc.org/wp-content/uploads/2017/11/12224942/Rottweiler-On-White-10.jpg,9,10,Occasional,Agreeable
Saluki,Energetic,Occasional Bath/Brush,Hound Group,https://s3.amazonaws.com/cdn-origin-etr.akc.org/wp-content/uploads/2017/11/14185322/AKC-121716-139.jpg,10,17,Occasional,Independent
Samoyed,Energetic,2-3 Times a Week Brushing,Working Group,https://s3.amazonaws.com/cdn-origin-etr.akc.org/wp-content/uploads/2017/11/12212924/Samoyed-slide-5.jpg,12,14,Seasonal,Independent
Schipperke,Regular Exercise,Weekly Brushing,Non-Sporting Group,https://s3.amazonaws.com/cdn-origin-etr.akc.org/wp-content/uploads/2017/11/12224700/Schipperke-On-White-01.jpg,12,14,Seasonal,Independent
Scottish Deerhound,Regular Exercise,Occasional Bath/Brush,Hound Group,https://s3.amazonaws.com/cdn-origin-etr.akc.org/wp-content/uploads/2017/11/12224620/Scottish-Deerhound-On-White-03.jpg,8,11,Seasonal,Independent
Scottish Terrier,Regular Exercise,2-3 Times a Week Brushing,Terrier Group,https://s3.amazonaws.com/cdn-origin-etr.akc.org/wp-content/uploads/2017/11/12224538/Scottish-Terrier-On-White-02.jpg,12,12,Occasional,Independent
Sealyham Terrier,Regular Exercise,2-3 Times a Week Brushing,Terrier Group,https://s3.amazonaws.com/cdn-origin-etr.akc.org/wp-content/uploads/2017/11/12224458/Sealyham-Terrier-On-White-03.jpg,12,14,Seasonal,Independent
Shetland Sheepdog,Regular Exercise,2-3 Times a Week Brushing,Herding Group,https://s3.amazonaws.com/cdn-origin-etr.akc.org/wp-content/uploads/2017/11/12224438/Shetland-Sheepdog-On-White-01.jpg,12,14,Seasonal,Eager to Please
Shiba Inu,Regular Exercise,Weekly Brushing,Non-Sporting Group,https://s3.amazonaws.com/cdn-origin-etr.akc.org/wp-content/uploads/2017/11/12224412/Shiba-Inu-On-White-01.jpg,13,16,Seasonal,Independent
Shih Tzu,Regular Exercise,Daily Brushing,Toy Group,https://s3.amazonaws.com/cdn-origin-etr.akc.org/wp-content/uploads/2017/11/12224329/Shih-Tzu-On-White-01.jpg,10,18,Infrequent,Agreeable
Siberian Husky,Energetic,Weekly Brushing,Working Group,https://s3.amazonaws.com/cdn-origin-etr.akc.org/wp-content/uploads/2017/11/12224230/Siberian-Husky-On-White-01.jpg,12,14,Seasonal,Independent
Silky Terrier,Regular Exercise,2-3 Times a Week Brushing,Toy Group,https://s3.amazonaws.com/cdn-origin-etr.akc.org/wp-content/uploads/2017/11/12224133/Silky-Terrier-On-White-01.jpg,13,15,Occasional,Agreeable
Skye Terrier,Regular Exercise,Daily Brushing,Terrier Group,https://s3.amazonaws.com/cdn-origin-etr.akc.org/wp-content/uploads/2017/11/12224056/Skye-Terrier-On-White-01.jpg,12,14,Seasonal,Independent
Small Munsterlander Pointer,Needs Lots of Activity,Occasional Bath/Brush,Foundation Stock Service,https://s3.amazonaws.com/cdn-origin-etr.akc.org/wp-content/uploads/2017/11/19190032/Munsterlander.5.jpg,14,14,Seasonal,Agreeable
Soft Coated Wheaten Terrier,Energetic,2-3 Times a Week Brushing,Terrier Group,https://s3.amazonaws.com/cdn-origin-etr.akc.org/wp-content/uploads/2017/11/12223937/Soft-Coated-Wheaten-Terrier-On-White-01.jpg,12,14,Infrequent,Independent
Stabyhoun,Energetic,Occasional Bath/Brush,Foundation Stock Service,https://s3.amazonaws.com/cdn-origin-etr.akc.org/wp-content/uploads/2017/11/31125942/AdobeStock_62619970.jpg,13,15,Seasonal,Easy Training
Staffordshire Bull Terrier,Energetic,Weekly Brushing,Terrier Group,https://s3.amazonaws.com/cdn-origin-etr.akc.org/wp-content/uploads/2017/11/12223754/Staffordshire-Bull-Terrier-On-White-03.jpg,12,14,Occasional,May be Stubborn
Standard Schnauzer,Regular Exercise,2-3 Times a Week Brushing,Working Group,https://s3.amazonaws.com/cdn-origin-etr.akc.org/wp-content/uploads/2017/11/12223711/Standard-Schnauzer-On-White-03.jpg,13,16,Infrequent,Independent
Sussex Spaniel,Regular Exercise,2-3 Times a Week Brushing,Sporting Group,https://s3.amazonaws.com/cdn-origin-etr.akc.org/wp-content/uploads/2017/11/12223645/Sussex-Spaniel-On-White-01.jpg,13,15,Seasonal,Independent
Swedish Vallhund,Needs Lots of Activity,Occasional Bath/Brush,Herding Group,https://s3.amazonaws.com/cdn-origin-etr.akc.org/wp-content/uploads/2017/11/12211633/Swedish-Vallhund-on-White-01.jpg,12,15,Seasonal,Eager to Please
Tibetan Mastiff,Regular Exercise,2-3 Times a Week Brushing,Working Group,https://s3.amazonaws.com/cdn-origin-etr.akc.org/wp-content/uploads/2017/11/12223558/Tibetan-Mastiff-On-White-03.jpg,10,12,Seasonal,Independent
Tibetan Spaniel,Calm,Weekly Brushing,Non-Sporting Group,https://s3.amazonaws.com/cdn-origin-etr.akc.org/wp-content/uploads/2017/11/12223531/Tibetan-Spaniel-On-White-03.jpg,12,15,Seasonal,Agreeable
Tibetan Terrier,Energetic,2-3 Times a Week Brushing,Non-Sporting Group,https://s3.amazonaws.com/cdn-origin-etr.akc.org/wp-content/uploads/2017/11/12223455/Tibetan-Terrier-On-White-01.jpg,15,16,Seasonal,Independent
Toy Fox Terrier,Energetic,Weekly Brushing,Toy Group,https://s3.amazonaws.com/cdn-origin-etr.akc.org/wp-content/uploads/2017/11/12223410/Toy-Fox-Terrier-On-White-03.jpg,13,15,Occasional,Eager to Please
Treeing Tennessee Brindle,Weekly Brushing,Weekly Brushing,Foundation Stock Service,https://s3.amazonaws.com/cdn-origin-etr.akc.org/wp-content/uploads/2017/11/12205430/Treeing-Tennessee-Brindle-on-White-01.jpg,10,12,Regular Exercise,Occasional
Treeing Walker Coonhound,Regular Exercise,Occasional Bath/Brush,Hound Group,https://s3.amazonaws.com/cdn-origin-etr.akc.org/wp-content/uploads/2017/11/12223344/Treeing-Walker-Coonhound-On-White-01.jpg,12,13,Seasonal,Independent
Vizsla,Energetic,Weekly Brushing,Sporting Group,https://s3.amazonaws.com/cdn-origin-etr.akc.org/wp-content/uploads/2017/11/12223307/Vizsla-On-White-01.jpg,12,14,Seasonal,Eager to Please
Weimaraner,Needs Lots of Activity,Weekly Brushing,Sporting Group,https://s3.amazonaws.com/cdn-origin-etr.akc.org/wp-content/uploads/2017/11/12223229/Weimaraner-On-White-01.jpg,10,13,Seasonal,Eager to Please
Welsh Springer Spaniel,Energetic,Weekly Brushing,Sporting Group,https://s3.amazonaws.com/cdn-origin-etr.akc.org/wp-content/uploads/2017/11/12194550/Welsh-Springer-Spaniel-on-White-01.jpg,12,15,Weekly Brushing,Easy Training
Welsh Terrier,Energetic,2-3 Times a Week Brushing,Terrier Group,https://s3.amazonaws.com/cdn-origin-etr.akc.org/wp-content/uploads/2017/11/12223127/Welsh-Terrier-On-White-03.jpg,12,15,Occasional,Agreeable
Whippet,Regular Exercise,Occasional Bath/Brush,Hound Group,https://s3.amazonaws.com/cdn-origin-etr.akc.org/wp-content/uploads/2017/11/12192102/Whippet-5-st.jpg,12,15,Occasional,Independent
Wirehaired Pointing Griffon,Needs Lots of Activity,Weekly Brushing,Sporting Group,https://s3.amazonaws.com/cdn-origin-etr.akc.org/wp-content/uploads/2017/11/12222848/Wirehaired-Pointing-Griffon-On-White-02.jpg,12,15,Seasonal,Agreeable
Xoloitzcuintli,Energetic,Occasional Bath/Brush,Non-Sporting Group,https://s3.amazonaws.com/cdn-origin-etr.akc.org/wp-content/uploads/2017/11/12222734/Xoloitzcuintli-On-White-01.jpg,13,18,Infrequent,Agreeable
Yorkshire Terrier,Regular Exercise,Specialty/Professional,Toy Group,https://s3.amazonaws.com/cdn-origin-etr.akc.org/wp-content/uploads/2017/11/20203728/Yorkshire-Terrier-2.1.jpg,11,15,Infrequent,May be Stubborn
